partecipante,timestamp,npc,turno,fase,secondi
P01,2026-08-21T18:07:51.651830,Prigioniero,0,llm_ttft,0.2513
P01,2026-08-21T18:07:54.553882,Prigioniero,0,tts_http_request,2.8878
P01,2026-08-21T18:07:54.810120,Prigioniero,0,llm_full,3.4088
P01,2026-08-21T18:07:55.651101,Prigioniero,0,tts_http_request,0.8397
P01,2026-08-21T18:08:05.340194,Prigioniero,0,stt_transcription,0.2927
P01,2026-08-21T18:08:05.541840,Prigioniero,1,mm_llm_detect,0.0658
P01,2026-08-21T18:08:05.713750,Prigioniero,1,mm_llm_detect,0.1718
P01,2026-08-21T18:08:05.938144,Prigioniero,1,mm_llm_clarify,0.2234
P01,2026-08-21T18:08:05.973711,Prigioniero,1,mm_llm_intent,0.0349
P01,2026-08-21T18:08:06.345015,Prigioniero,1,mm_llm_intent,0.3702
P01,2026-08-21T18:08:08.338182,Prigioniero,1,tts_http_request,2.3972
P01,2026-08-21T18:08:23.690093,Prigioniero,1,stt_transcription,0.4709
P01,2026-08-21T18:08:24.687850,Prigioniero,2,mm_llm_detect,0.0779
P01,2026-08-21T18:08:24.882805,Prigioniero,2,mm_llm_detect,0.1951
P01,2026-08-21T18:08:25.074698,Prigioniero,2,mm_llm_opening,0.1902
P01,2026-08-21T18:08:25.103743,Prigioniero,2,mm_llm_intent,0.0283
P01,2026-08-21T18:08:25.331054,Prigioniero,2,mm_llm_intent,0.2268
P01,2026-08-21T18:08:26.910709,Prigioniero,2,tts_http_request,1.834
P01,2026-08-21T18:08:38.929192,Prigioniero,2,stt_transcription,0.3798
P01,2026-08-21T18:08:39.907142,Prigioniero,3,mm_llm_parse,0.0522
P01,2026-08-21T18:08:40.022265,Prigioniero,3,mm_llm_parse,0.115
P01,2026-08-21T18:08:40.163020,Prigioniero,3,mm_llm_counter,0.1389
P01,2026-08-21T18:08:41.560507,Prigioniero,3,tts_http_request,1.3932
P01,2026-08-21T18:08:55.753866,Prigioniero,3,stt_transcription,0.464
P01,2026-08-21T18:08:56.738667,Prigioniero,4,mm_llm_parse,0.0678
P01,2026-08-21T18:08:56.895829,Prigioniero,4,mm_llm_parse,0.1571
P01,2026-08-21T18:08:57.092622,Prigioniero,4,mm_llm_counter,0.1954
P01,2026-08-21T18:08:58.753681,Prigioniero,4,tts_http_request,1.6599
P01,2026-08-21T18:09:14.213618,Prigioniero,4,stt_transcription,0.4629
P01,2026-08-21T18:09:15.209333,Prigioniero,5,mm_llm_parse,0.074
P01,2026-08-21T18:09:15.362328,Prigioniero,5,mm_llm_parse,0.1524
P01,2026-08-21T18:09:15.551135,Prigioniero,5,mm_llm_counter,0.1874
P01,2026-08-21T18:09:16.615808,Prigioniero,5,tts_http_request,1.0638
P01,2026-08-21T18:09:26.471422,Prigioniero,5,stt_transcription,0.4305
P01,2026-08-21T18:09:26.645778,Prigioniero,6,mm_llm_parse,0.0654
P01,2026-08-21T18:09:26.812276,Prigioniero,6,mm_llm_parse,0.1663
P01,2026-08-21T18:09:27.010055,Prigioniero,6,mm_llm_counter,0.1967
P01,2026-08-21T18:09:28.286177,Prigioniero,6,tts_http_request,1.2751
P01,2026-08-21T18:09:36.796180,Prigioniero,6,stt_transcription,0.451
P01,2026-08-21T18:09:36.979380,Prigioniero,7,mm_llm_parse,0.0642
P01,2026-08-21T18:09:37.131785,Prigioniero,7,mm_llm_parse,0.1521
P01,2026-08-21T18:09:37.330491,Prigioniero,7,mm_llm_close,0.198
P01,2026-08-21T18:09:38.235946,Prigioniero,7,tts_http_request,0.8997
P01,2026-08-21T18:09:45.824635,Prigioniero,7,stt_transcription,0.3753
P01,2026-08-21T18:09:46.322003,Prigioniero,8,tts_http_request,0.3935
P01,2026-08-21T18:09:57.137259,Prigioniero,0,llm_ttft,0.3545
P01,2026-08-21T18:09:57.697910,Prigioniero,0,tts_http_request,0.5455
P01,2026-08-21T18:09:57.941740,Prigioniero,0,llm_full,1.1595
P01,2026-08-21T18:09:58.414291,Prigioniero,0,tts_http_request,0.4702
P01,2026-08-21T18:10:13.320947,Prigioniero,0,stt_transcription,0.4187
P01,2026-08-21T18:10:14.323497,Prigioniero,1,mm_llm_detect,0.0791
P01,2026-08-21T18:10:14.739788,Prigioniero,1,mm_llm_detect,0.416
P01,2026-08-21T18:10:14.943541,Prigioniero,1,mm_llm_opening,0.2038
P01,2026-08-21T18:10:14.976549,Prigioniero,1,mm_llm_intent,0.0309
P01,2026-08-21T18:10:15.241685,Prigioniero,1,mm_llm_intent,0.265
P01,2026-08-21T18:10:17.085573,Prigioniero,1,tts_http_request,2.1385
P01,2026-08-21T18:10:30.410040,Prigioniero,1,stt_transcription,0.4475
P01,2026-08-21T18:10:31.415840,Prigioniero,2,mm_llm_parse,0.0782
P01,2026-08-21T18:10:31.574099,Prigioniero,2,mm_llm_parse,0.1581
P01,2026-08-21T18:10:31.779729,Prigioniero,2,mm_llm_counter,0.2045
P01,2026-08-21T18:10:33.640784,Prigioniero,2,tts_http_request,1.8593
P01,2026-08-21T18:10:44.678487,Prigioniero,2,stt_transcription,0.4449
P01,2026-08-21T18:10:44.885168,Prigioniero,3,mm_llm_parse,0.0822
P01,2026-08-21T18:10:45.006287,Prigioniero,3,mm_llm_parse,0.1208
P01,2026-08-21T18:10:45.603381,Prigioniero,3,mm_llm_close,0.5961
P01,2026-08-21T18:10:46.514926,Prigioniero,3,tts_http_request,0.9059
P01,2026-08-21T18:10:54.633707,Prigioniero,3,stt_transcription,0.3692
P01,2026-08-21T18:10:55.172795,Prigioniero,4,tts_http_request,0.399
P01,2026-08-21T18:11:06.141832,Prigioniero,0,llm_ttft,1.2814
P01,2026-08-21T18:11:06.877521,Prigioniero,0,tts_http_request,0.7115
P01,2026-08-21T18:11:07.112310,Prigioniero,0,llm_full,2.252
P01,2026-08-21T18:11:08.712054,Prigioniero,0,tts_http_request,1.5987
P01,2026-08-21T18:11:21.977909,Prigioniero,0,stt_transcription,0.4395
P01,2026-08-21T18:11:22.205237,Prigioniero,1,mm_llm_detect,0.081
P01,2026-08-21T18:11:22.336379,Prigioniero,1,mm_llm_detect,0.1308
P01,2026-08-21T18:11:22.477346,Prigioniero,1,mm_llm_clarify,0.1398
P01,2026-08-21T18:11:22.513888,Prigioniero,1,mm_llm_intent,0.0354
P01,2026-08-21T18:11:23.241590,Prigioniero,1,mm_llm_intent,0.7274
P01,2026-08-21T18:11:24.421200,Prigioniero,1,tts_http_request,1.942
P01,2026-08-21T18:11:36.991781,Prigioniero,1,stt_transcription,0.4643
P01,2026-08-21T18:11:37.971205,Prigioniero,2,mm_llm_detect,0.0619
P01,2026-08-21T18:11:38.144241,Prigioniero,2,mm_llm_detect,0.1737
P01,2026-08-21T18:11:38.458061,Prigioniero,2,mm_llm_opening,0.3123
P01,2026-08-21T18:11:38.488101,Prigioniero,2,mm_llm_intent,0.0287
P01,2026-08-21T18:11:38.743111,Prigioniero,2,mm_llm_intent,0.2551
P01,2026-08-21T18:11:40.842954,Prigioniero,2,tts_http_request,2.3827
P01,2026-08-21T18:11:54.446844,Prigioniero,2,stt_transcription,0.3893
P01,2026-08-21T18:11:55.449320,Prigioniero,3,mm_llm_parse,0.0779
P01,2026-08-21T18:11:55.602642,Prigioniero,3,mm_llm_parse,0.1525
P01,2026-08-21T18:11:55.736812,Prigioniero,3,mm_llm_counter,0.1337
P01,2026-08-21T18:11:57.304759,Prigioniero,3,tts_http_request,1.5659
P01,2026-08-21T18:12:06.820548,Prigioniero,3,stt_transcription,0.4422
P01,2026-08-21T18:12:07.017503,Prigioniero,4,mm_llm_parse,0.0691
P01,2026-08-21T18:12:07.173508,Prigioniero,4,mm_llm_parse,0.1553
P01,2026-08-21T18:12:07.311713,Prigioniero,4,mm_llm_close,0.1378
P01,2026-08-21T18:12:08.657039,Prigioniero,4,tts_http_request,1.341
P01,2026-08-21T18:12:17.984987,Prigioniero,4,stt_transcription,0.4339
P01,2026-08-21T18:12:18.435705,Prigioniero,5,tts_http_request,0.3464
P02,2026-08-22T13:59:46.595393,Prigioniero,0,llm_ttft,0.8542
P02,2026-08-22T13:59:50.053788,Prigioniero,0,tts_http_request,3.4252
P02,2026-08-22T13:59:50.317276,Prigioniero,0,llm_full,4.5773
P02,2026-08-22T13:59:52.182883,Prigioniero,0,tts_http_request,1.8638
P02,2026-08-22T14:00:08.812598,Prigioniero,0,stt_transcription,0.3024
P02,2026-08-22T14:00:09.808301,Prigioniero,1,mm_llm_detect,0.0661
P02,2026-08-22T14:00:09.977381,Prigioniero,1,mm_llm_detect,0.1679
P02,2026-08-22T14:00:10.165334,Prigioniero,1,mm_llm_clarify,0.1879
P02,2026-08-22T14:00:10.193978,Prigioniero,1,mm_llm_intent,0.027
P02,2026-08-22T14:00:11.302319,Prigioniero,1,mm_llm_intent,1.1084
P02,2026-08-22T14:00:11.784712,Prigioniero,1,tts_http_request,1.6171
P02,2026-08-22T14:00:23.901900,Prigioniero,1,stt_transcription,0.4512
P02,2026-08-22T14:00:24.897932,Prigioniero,2,mm_llm_detect,0.0669
P02,2026-08-22T14:00:25.090063,Prigioniero,2,mm_llm_detect,0.1912
P02,2026-08-22T14:00:25.276028,Prigioniero,2,mm_llm_opening,0.1851
P02,2026-08-22T14:00:25.305564,Prigioniero,2,mm_llm_intent,0.0286
P02,2026-08-22T14:00:25.528605,Prigioniero,2,mm_llm_intent,0.2231
P02,2026-08-22T14:00:27.459078,Prigioniero,2,tts_http_request,2.1798
P02,2026-08-22T14:00:41.679146,Prigioniero,2,stt_transcription,0.4381
P02,2026-08-22T14:00:42.664977,Prigioniero,3,mm_llm_parse,0.0697
P02,2026-08-22T14:00:42.906352,Prigioniero,3,mm_llm_parse,0.241
P02,2026-08-22T14:00:43.077405,Prigioniero,3,mm_llm_close,0.1699
P02,2026-08-22T14:00:44.230076,Prigioniero,3,tts_http_request,1.147
P02,2026-08-22T14:00:52.024356,Prigioniero,3,stt_transcription,0.4433
P02,2026-08-22T14:00:52.680926,Prigioniero,4,tts_http_request,0.5298
P02,2026-08-22T14:01:02.414675,Prigioniero,0,llm_ttft,0.4184
P02,2026-08-22T14:01:03.724970,Prigioniero,0,tts_http_request,1.267
P02,2026-08-22T14:01:03.979193,Prigioniero,0,llm_full,1.9823
P02,2026-08-22T14:01:04.669165,Prigioniero,0,tts_http_request,0.6888
P02,2026-08-22T14:01:17.228152,Prigioniero,0,stt_transcription,0.374
P02,2026-08-22T14:01:17.423052,Prigioniero,1,mm_llm_detect,0.0621
P02,2026-08-22T14:01:18.057888,Prigioniero,1,mm_llm_detect,0.6341
P02,2026-08-22T14:01:18.223177,Prigioniero,1,mm_llm_clarify,0.1648
P02,2026-08-22T14:01:18.251288,Prigioniero,1,mm_llm_intent,0.0273
P02,2026-08-22T14:01:18.471780,Prigioniero,1,mm_llm_intent,0.2203
P02,2026-08-22T14:01:21.175435,Prigioniero,1,tts_http_request,2.9499
P02,2026-08-22T14:01:37.283680,Prigioniero,1,stt_transcription,0.4599
P02,2026-08-22T14:01:38.274303,Prigioniero,2,mm_llm_detect,0.0649
P02,2026-08-22T14:01:38.413637,Prigioniero,2,mm_llm_detect,0.1383
P02,2026-08-22T14:01:38.579520,Prigioniero,2,mm_llm_opening,0.1658
P02,2026-08-22T14:01:38.613771,Prigioniero,2,mm_llm_intent,0.0308
P02,2026-08-22T14:01:38.831930,Prigioniero,2,mm_llm_intent,0.2192
P02,2026-08-22T14:01:40.201848,Prigioniero,2,tts_http_request,1.6177
P02,2026-08-22T14:01:56.271146,Prigioniero,2,stt_transcription,0.6275
P02,2026-08-22T14:01:57.267015,Prigioniero,3,mm_llm_parse,0.0752
P02,2026-08-22T14:01:57.472698,Prigioniero,3,mm_llm_parse,0.2061
P02,2026-08-22T14:01:57.706999,Prigioniero,3,mm_llm_counter,0.233
P02,2026-08-22T14:01:58.771515,Prigioniero,3,tts_http_request,1.0626
P02,2026-08-22T14:02:09.468996,Prigioniero,3,stt_transcription,0.455
P02,2026-08-22T14:02:09.652091,Prigioniero,4,mm_llm_parse,0.0684
P02,2026-08-22T14:02:09.768882,Prigioniero,4,mm_llm_parse,0.1161
P02,2026-08-22T14:02:09.915171,Prigioniero,4,mm_llm_counter,0.1455
P02,2026-08-22T14:02:10.972464,Prigioniero,4,tts_http_request,1.056
P02,2026-08-22T14:02:19.197785,Prigioniero,4,stt_transcription,0.4382
P02,2026-08-22T14:02:19.393692,Prigioniero,5,mm_llm_parse,0.0647
P02,2026-08-22T14:02:19.677831,Prigioniero,5,mm_llm_parse,0.2838
P02,2026-08-22T14:02:20.001851,Prigioniero,5,mm_llm_counter,0.3234
P02,2026-08-22T14:02:21.063729,Prigioniero,5,tts_http_request,1.0605
P02,2026-08-22T14:02:29.066206,Prigioniero,5,stt_transcription,0.4381
P02,2026-08-22T14:02:29.262096,Prigioniero,6,mm_llm_parse,0.065
P02,2026-08-22T14:02:29.410216,Prigioniero,6,mm_llm_parse,0.1472
P02,2026-08-22T14:02:29.586886,Prigioniero,6,mm_llm_counter,0.1757
P02,2026-08-22T14:02:30.631779,Prigioniero,6,tts_http_request,1.0442
P02,2026-08-22T14:02:39.638746,Prigioniero,6,stt_transcription,0.4615
P02,2026-08-22T14:02:39.833851,Prigioniero,7,mm_llm_parse,0.0878
P02,2026-08-22T14:02:39.955705,Prigioniero,7,mm_llm_parse,0.1217
P02,2026-08-22T14:02:40.111839,Prigioniero,7,mm_llm_counter,0.1543
P02,2026-08-22T14:02:40.942791,Prigioniero,7,tts_http_request,0.8307
P02,2026-08-22T14:02:50.033042,Prigioniero,7,stt_transcription,0.4562
P02,2026-08-22T14:02:50.224339,Prigioniero,8,mm_llm_parse,0.07
P02,2026-08-22T14:02:50.341515,Prigioniero,8,mm_llm_parse,0.1168
P02,2026-08-22T14:02:50.498183,Prigioniero,8,mm_llm_counter,0.1565
P02,2026-08-22T14:02:51.368440,Prigioniero,8,tts_http_request,0.8689
P02,2026-08-22T14:02:58.566389,Prigioniero,8,stt_transcription,0.4441
P02,2026-08-22T14:02:58.771269,Prigioniero,9,mm_llm_parse,0.0807
P02,2026-08-22T14:02:59.383149,Prigioniero,9,mm_llm_parse,0.6119
P02,2026-08-22T14:02:59.720273,Prigioniero,9,mm_llm_close,0.3355
P02,2026-08-22T14:03:00.838599,Prigioniero,9,tts_http_request,1.1155
P02,2026-08-22T14:03:08.261143,Prigioniero,9,stt_transcription,0.3798
P02,2026-08-22T14:03:08.769884,Prigioniero,10,tts_http_request,0.3788
P02,2026-08-22T14:03:16.662171,Prigioniero,0,llm_ttft,0.3741
P02,2026-08-22T14:03:17.431465,Prigioniero,0,tts_http_request,0.7362
P02,2026-08-22T14:03:17.678340,Prigioniero,0,llm_full,1.3903
P02,2026-08-22T14:03:18.046654,Prigioniero,0,tts_http_request,0.3666
P02,2026-08-22T14:03:24.598261,Prigioniero,0,stt_transcription,0.4137
P02,2026-08-22T14:03:28.220128,Prigioniero,1,stt_transcription,0.4548
P02,2026-08-22T14:03:28.415255,Prigioniero,2,mm_llm_detect,0.068
P02,2026-08-22T14:03:28.544243,Prigioniero,2,mm_llm_detect,0.1289
P02,2026-08-22T14:03:28.704537,Prigioniero,2,mm_llm_clarify,0.16
P02,2026-08-22T14:03:28.736413,Prigioniero,2,mm_llm_intent,0.0304
P02,2026-08-22T14:03:28.955234,Prigioniero,2,mm_llm_intent,0.2187
P02,2026-08-22T14:03:31.237712,Prigioniero,2,tts_http_request,2.5308
P02,2026-08-22T14:03:44.931828,Prigioniero,2,stt_transcription,0.3894
P02,2026-08-22T14:03:45.905337,Prigioniero,3,mm_llm_detect,0.0542
P02,2026-08-22T14:03:46.082095,Prigioniero,3,mm_llm_detect,0.1762
P02,2026-08-22T14:03:46.298787,Prigioniero,3,mm_llm_opening,0.2162
P02,2026-08-22T14:03:46.329836,Prigioniero,3,mm_llm_intent,0.0298
P02,2026-08-22T14:03:46.593202,Prigioniero,3,mm_llm_intent,0.2624
P02,2026-08-22T14:03:48.618954,Prigioniero,3,tts_http_request,2.3181
P02,2026-08-22T14:04:04.932149,Prigioniero,3,stt_transcription,0.4503
P02,2026-08-22T14:04:05.931003,Prigioniero,4,mm_llm_parse,0.0801
P02,2026-08-22T14:04:06.054680,Prigioniero,4,mm_llm_parse,0.1237
P02,2026-08-22T14:04:06.239463,Prigioniero,4,mm_llm_close,0.183
P02,2026-08-22T14:04:07.620417,Prigioniero,4,tts_http_request,1.3785
P02,2026-08-22T14:04:19.271629,Prigioniero,4,stt_transcription,0.4481
P02,2026-08-22T14:04:19.735844,Prigioniero,5,tts_http_request,0.3467
P03,2026-08-22T14:08:35.469481,Prigioniero,0,llm_ttft,0.4163
P03,2026-08-22T14:08:37.429908,Prigioniero,0,tts_http_request,1.9415
P03,2026-08-22T14:08:37.687319,Prigioniero,0,llm_full,2.6345
P03,2026-08-22T14:08:40.239097,Prigioniero,0,tts_http_request,2.5499
P03,2026-08-22T14:08:58.182120,Prigioniero,0,stt_transcription,0.3351
P03,2026-08-22T14:08:59.191139,Prigioniero,1,mm_llm_detect,0.0751
P03,2026-08-22T14:08:59.361065,Prigioniero,1,mm_llm_detect,0.1701
P03,2026-08-22T14:08:59.584101,Prigioniero,1,mm_llm_clarify,0.2224
P03,2026-08-22T14:08:59.615139,Prigioniero,1,mm_llm_intent,0.0294
P03,2026-08-22T14:08:59.833738,Prigioniero,1,mm_llm_intent,0.2194
P03,2026-08-22T14:09:02.348088,Prigioniero,1,tts_http_request,2.7613
P03,2026-08-22T14:09:19.269551,Prigioniero,1,stt_transcription,0.4613
P03,2026-08-22T14:09:20.264438,Prigioniero,2,mm_llm_detect,0.0707
P03,2026-08-22T14:09:20.447174,Prigioniero,2,mm_llm_detect,0.1826
P03,2026-08-22T14:09:20.752821,Prigioniero,2,mm_llm_opening,0.3051
P03,2026-08-22T14:09:20.785438,Prigioniero,2,mm_llm_intent,0.0314
P03,2026-08-22T14:09:21.063909,Prigioniero,2,mm_llm_intent,0.2773
P03,2026-08-22T14:09:24.574667,Prigioniero,2,tts_http_request,3.819
P03,2026-08-22T14:09:45.576056,Prigioniero,2,stt_transcription,0.428
P03,2026-08-22T14:09:46.582221,Prigioniero,3,mm_llm_parse,0.0835
P03,2026-08-22T14:09:46.700301,Prigioniero,3,mm_llm_parse,0.1172
P03,2026-08-22T14:09:46.843378,Prigioniero,3,mm_llm_close,0.1424
P03,2026-08-22T14:09:48.286456,Prigioniero,3,tts_http_request,1.4369
P03,2026-08-22T14:09:57.739667,Prigioniero,3,stt_transcription,0.4315
P03,2026-08-22T14:09:58.222721,Prigioniero,4,tts_http_request,0.3748
P03,2026-08-22T14:10:08.496883,Prigioniero,0,llm_ttft,0.4275
P03,2026-08-22T14:10:09.023642,Prigioniero,0,tts_http_request,0.517
P03,2026-08-22T14:10:09.252923,Prigioniero,0,llm_full,1.1834
P03,2026-08-22T14:10:09.669791,Prigioniero,0,tts_http_request,0.4166
P03,2026-08-22T14:10:20.388379,Prigioniero,0,stt_transcription,0.3939
P03,2026-08-22T14:10:20.583754,Prigioniero,1,mm_llm_detect,0.0701
P03,2026-08-22T14:10:20.778612,Prigioniero,1,mm_llm_detect,0.1944
P03,2026-08-22T14:10:20.960828,Prigioniero,1,mm_llm_opening,0.1816
P03,2026-08-22T14:10:20.990667,Prigioniero,1,mm_llm_intent,0.0273
P03,2026-08-22T14:10:21.245912,Prigioniero,1,mm_llm_intent,0.2539
P03,2026-08-22T14:10:22.163002,Prigioniero,1,tts_http_request,1.1975
P03,2026-08-22T14:10:32.582117,Prigioniero,1,stt_transcription,0.3909
P03,2026-08-22T14:10:32.775368,Prigioniero,2,mm_llm_parse,0.0754
P03,2026-08-22T14:10:32.932004,Prigioniero,2,mm_llm_parse,0.1561
P03,2026-08-22T14:10:33.126056,Prigioniero,2,mm_llm_counter,0.1931
P03,2026-08-22T14:10:34.735991,Prigioniero,2,tts_http_request,1.6091
P03,2026-08-22T14:10:46.116618,Prigioniero,2,stt_transcription,0.4659
P03,2026-08-22T14:10:46.296711,Prigioniero,3,mm_llm_parse,0.0755
P03,2026-08-22T14:10:46.449631,Prigioniero,3,mm_llm_parse,0.1519
P03,2026-08-22T14:10:46.634328,Prigioniero,3,mm_llm_counter,0.1841
P03,2026-08-22T14:10:48.189782,Prigioniero,3,tts_http_request,1.5547
P03,2026-08-22T14:10:57.897060,Prigioniero,3,stt_transcription,0.3847
P03,2026-08-22T14:10:58.174109,Prigioniero,4,mm_llm_parse,0.0786
P03,2026-08-22T14:10:58.335658,Prigioniero,4,mm_llm_parse,0.1612
P03,2026-08-22T14:10:58.467802,Prigioniero,4,mm_llm_close,0.1311
P03,2026-08-22T14:10:59.420622,Prigioniero,4,tts_http_request,0.9477
P03,2026-08-22T14:11:06.533926,Prigioniero,4,stt_transcription,0.3724
P03,2026-08-22T14:11:06.991792,Prigioniero,5,tts_http_request,0.3517
P03,2026-08-22T14:11:16.860683,Prigioniero,0,llm_ttft,0.3868
P03,2026-08-22T14:11:17.634654,Prigioniero,0,tts_http_request,0.7487
P03,2026-08-22T14:11:17.873500,Prigioniero,0,llm_full,1.3996
P03,2026-08-22T14:11:19.828501,Prigioniero,0,tts_http_request,1.9533
P03,2026-08-22T14:11:38.872264,Prigioniero,0,stt_transcription,0.3899
P03,2026-08-22T14:11:39.892376,Prigioniero,1,mm_llm_detect,0.0901
P03,2026-08-22T14:11:40.066875,Prigioniero,1,mm_llm_detect,0.1733
P03,2026-08-22T14:11:40.231277,Prigioniero,1,mm_llm_opening,0.1634
P03,2026-08-22T14:11:40.269169,Prigioniero,1,mm_llm_intent,0.0371
P03,2026-08-22T14:11:40.560247,Prigioniero,1,mm_llm_intent,0.2903
P03,2026-08-22T14:11:41.960628,Prigioniero,1,tts_http_request,1.7275
P03,2026-08-22T14:12:05.007334,Prigioniero,1,stt_transcription,0.3843
P03,2026-08-22T14:12:05.999534,Prigioniero,2,mm_llm_parse,0.0638
P03,2026-08-22T14:12:06.117701,Prigioniero,2,mm_llm_parse,0.1175
P03,2026-08-22T14:12:06.247882,Prigioniero,2,mm_llm_close,0.1291
P03,2026-08-22T14:12:07.092582,Prigioniero,2,tts_http_request,0.8409
P03,2026-08-22T14:12:15.591850,Prigioniero,2,stt_transcription,0.4081
P03,2026-08-22T14:12:16.048000,Prigioniero,3,tts_http_request,0.3244
P04,2026-08-22T14:16:16.355815,Prigioniero,0,llm_ttft,0.2373
P04,2026-08-22T14:16:18.301616,Prigioniero,0,tts_http_request,1.9256
P04,2026-08-22T14:16:18.545909,Prigioniero,0,llm_full,2.4279
P04,2026-08-22T14:16:20.388402,Prigioniero,0,tts_http_request,1.8411
P04,2026-08-22T14:16:35.073085,Prigioniero,0,stt_transcription,0.3804
P04,2026-08-22T14:16:36.078957,Prigioniero,1,mm_llm_detect,0.072
P04,2026-08-22T14:16:36.258476,Prigioniero,1,mm_llm_detect,0.1789
P04,2026-08-22T14:16:36.460916,Prigioniero,1,mm_llm_opening,0.2017
P04,2026-08-22T14:16:36.489447,Prigioniero,1,mm_llm_intent,0.0274
P04,2026-08-22T14:16:36.748147,Prigioniero,1,mm_llm_intent,0.2586
P04,2026-08-22T14:16:38.083556,Prigioniero,1,tts_http_request,1.6207
P04,2026-08-22T14:16:50.240312,Prigioniero,1,stt_transcription,0.3773
P04,2026-08-22T14:16:51.228173,Prigioniero,2,mm_llm_parse,0.0656
P04,2026-08-22T14:16:51.381162,Prigioniero,2,mm_llm_parse,0.1526
P04,2026-08-22T14:16:51.522283,Prigioniero,2,mm_llm_close,0.1411
P04,2026-08-22T14:16:52.727679,Prigioniero,2,tts_http_request,1.2002
P04,2026-08-22T14:17:01.698391,Prigioniero,2,stt_transcription,0.4454
P04,2026-08-22T14:17:02.142234,Prigioniero,3,tts_http_request,0.3204
P04,2026-08-22T14:17:14.290286,Prigioniero,0,llm_ttft,3.6979
P04,2026-08-22T14:17:15.177805,Prigioniero,0,tts_http_request,0.8584
P04,2026-08-22T14:17:15.427885,Prigioniero,0,llm_full,4.8354
P04,2026-08-22T14:17:16.372545,Prigioniero,0,tts_http_request,0.9437
P04,2026-08-22T14:17:31.770791,Prigioniero,0,stt_transcription,0.4052
P04,2026-08-22T14:17:32.783728,Prigioniero,1,mm_llm_detect,0.0775
P04,2026-08-22T14:17:32.963150,Prigioniero,1,mm_llm_detect,0.1792
P04,2026-08-22T14:17:34.168383,Prigioniero,1,mm_llm_opening,1.2041
P04,2026-08-22T14:17:34.201293,Prigioniero,1,mm_llm_intent,0.0282
P04,2026-08-22T14:17:34.472396,Prigioniero,1,mm_llm_intent,0.2711
P04,2026-08-22T14:17:38.477726,Prigioniero,1,tts_http_request,4.3029
P04,2026-08-22T14:18:05.515524,Prigioniero,1,stt_transcription,0.4885
P04,2026-08-22T14:18:06.522161,Prigioniero,2,mm_llm_parse,0.0785
P04,2026-08-22T14:18:06.639985,Prigioniero,2,mm_llm_parse,0.1168
P04,2026-08-22T14:18:06.795168,Prigioniero,2,mm_llm_close,0.1552
P04,2026-08-22T14:18:08.754958,Prigioniero,2,tts_http_request,1.9389
P04,2026-08-22T14:18:21.065439,Prigioniero,2,stt_transcription,0.4483
P04,2026-08-22T14:18:22.551612,Prigioniero,3,tts_http_request,0.4081
P04,2026-08-22T14:18:31.333164,Prigioniero,0,llm_ttft,0.3535
P04,2026-08-22T14:18:31.819350,Prigioniero,0,tts_http_request,0.4719
P04,2026-08-22T14:18:32.057244,Prigioniero,0,llm_full,1.0773
P04,2026-08-22T14:18:33.371218,Prigioniero,0,tts_http_request,1.3122
P04,2026-08-22T14:18:49.378937,Prigioniero,0,stt_transcription,0.4569
P04,2026-08-22T14:18:50.379020,Prigioniero,1,mm_llm_detect,0.072
P04,2026-08-22T14:18:50.573731,Prigioniero,1,mm_llm_detect,0.1948
P04,2026-08-22T14:18:50.777778,Prigioniero,1,mm_llm_opening,0.2028
P04,2026-08-22T14:18:50.809349,Prigioniero,1,mm_llm_intent,0.0307
P04,2026-08-22T14:18:51.065839,Prigioniero,1,mm_llm_intent,0.2555
P04,2026-08-22T14:18:53.489206,Prigioniero,1,tts_http_request,2.7091
P04,2026-08-22T14:19:10.800775,Prigioniero,1,stt_transcription,0.469
P04,2026-08-22T14:19:11.786077,Prigioniero,2,mm_llm_parse,0.069
P04,2026-08-22T14:19:13.370654,Prigioniero,2,mm_llm_parse,1.5843
P04,2026-08-22T14:19:13.531716,Prigioniero,2,mm_llm_close,0.1603
P04,2026-08-22T14:19:14.534046,Prigioniero,2,tts_http_request,0.9949
P04,2026-08-22T14:19:22.895368,Prigioniero,2,stt_transcription,0.4425
P04,2026-08-22T14:19:23.458285,Prigioniero,3,tts_http_request,0.4279
P05,2026-08-22T18:18:03.601108,Prigioniero,0,llm_ttft,0.2339
P05,2026-08-22T18:18:07.133083,Prigioniero,0,tts_http_request,3.4917
P05,2026-08-22T18:18:07.415050,Prigioniero,0,llm_full,4.048
P05,2026-08-22T18:18:10.059021,Prigioniero,0,tts_http_request,2.6431
P05,2026-08-22T18:18:25.132646,Prigioniero,0,stt_transcription,0.2886
P05,2026-08-22T18:18:26.150182,Prigioniero,1,mm_llm_detect,0.0663
P05,2026-08-22T18:18:26.315202,Prigioniero,1,mm_llm_detect,0.1644
P05,2026-08-22T18:18:26.492479,Prigioniero,1,mm_llm_clarify,0.1767
P05,2026-08-22T18:18:26.522082,Prigioniero,1,mm_llm_intent,0.0283
P05,2026-08-22T18:18:26.783609,Prigioniero,1,mm_llm_intent,0.2619
P05,2026-08-22T18:18:28.109799,Prigioniero,1,tts_http_request,1.6151
P05,2026-08-22T18:18:31.633762,Prigioniero,1,stt_transcription,0.4492
P05,2026-08-22T18:18:31.781888,Prigioniero,2,mm_llm_detect,0.0271
P05,2026-08-22T18:18:31.953789,Prigioniero,2,mm_llm_detect,0.1708
P05,2026-08-22T18:18:32.168637,Prigioniero,2,mm_llm_clarify,0.2148
P05,2026-08-22T18:18:32.197776,Prigioniero,2,mm_llm_intent,0.0278
P05,2026-08-22T18:18:32.456093,Prigioniero,2,mm_llm_intent,0.2579
P05,2026-08-22T18:18:34.426181,Prigioniero,2,tts_http_request,2.2555
P05,2026-08-22T18:18:49.486117,Prigioniero,2,stt_transcription,0.4883
P05,2026-08-22T18:18:50.488519,Prigioniero,3,mm_llm_detect,0.074
P05,2026-08-22T18:18:50.680315,Prigioniero,3,mm_llm_detect,0.1921
P05,2026-08-22T18:18:50.836519,Prigioniero,3,mm_llm_opening,0.1549
P05,2026-08-22T18:18:50.866054,Prigioniero,3,mm_llm_intent,0.0273
P05,2026-08-22T18:18:51.104041,Prigioniero,3,mm_llm_intent,0.2374
P05,2026-08-22T18:18:54.516291,Prigioniero,3,tts_http_request,3.6766
P05,2026-08-22T18:19:12.946153,Prigioniero,3,stt_transcription,0.3974
P05,2026-08-22T18:19:13.941218,Prigioniero,4,mm_llm_parse,0.0721
P05,2026-08-22T18:19:14.106612,Prigioniero,4,mm_llm_parse,0.1648
P05,2026-08-22T18:19:14.279431,Prigioniero,4,mm_llm_close,0.1719
P05,2026-08-22T18:19:15.153822,Prigioniero,4,tts_http_request,0.8666
P05,2026-08-22T18:19:22.768618,Prigioniero,4,stt_transcription,0.4301
P05,2026-08-22T18:19:23.862467,Prigioniero,5,tts_http_request,0.9843
P05,2026-08-22T18:19:33.245156,Prigioniero,0,llm_ttft,0.3809
P05,2026-08-22T18:19:34.409738,Prigioniero,0,tts_http_request,1.1275
P05,2026-08-22T18:19:34.666153,Prigioniero,0,llm_full,1.8007
P05,2026-08-22T18:19:43.671341,Prigioniero,0,stt_transcription,0.4252
P05,2026-08-22T18:19:43.858032,Prigioniero,1,mm_llm_detect,0.065
P05,2026-08-22T18:19:43.997792,Prigioniero,1,mm_llm_detect,0.1394
P05,2026-08-22T18:19:44.222194,Prigioniero,1,mm_llm_opening,0.2236
P05,2026-08-22T18:19:44.255219,Prigioniero,1,mm_llm_intent,0.0288
P05,2026-08-22T18:19:44.507660,Prigioniero,1,mm_llm_intent,0.2521
P05,2026-08-22T18:19:47.339168,Prigioniero,1,tts_http_request,3.1119
P05,2026-08-22T18:20:09.499106,Prigioniero,1,stt_transcription,0.4768
P05,2026-08-22T18:20:10.493603,Prigioniero,2,mm_llm_parse,0.0617
P05,2026-08-22T18:20:10.611754,Prigioniero,2,mm_llm_parse,0.1173
P05,2026-08-22T18:20:10.757495,Prigioniero,2,mm_llm_close,0.1446
P05,2026-08-22T18:20:11.781951,Prigioniero,2,tts_http_request,1.0176
P05,2026-08-22T18:20:19.390623,Prigioniero,2,stt_transcription,0.4474
P05,2026-08-22T18:20:19.892430,Prigioniero,3,tts_http_request,0.3705
P05,2026-08-22T18:20:27.772199,Prigioniero,0,llm_ttft,0.4041
P05,2026-08-22T18:20:28.707238,Prigioniero,0,tts_http_request,0.9065
P05,2026-08-22T18:20:28.963237,Prigioniero,0,llm_full,1.5957
P05,2026-08-22T18:20:29.635764,Prigioniero,0,tts_http_request,0.6707
P05,2026-08-22T18:20:43.209944,Prigioniero,0,stt_transcription,0.4561
P05,2026-08-22T18:20:43.392429,Prigioniero,1,mm_llm_detect,0.0607
P05,2026-08-22T18:20:43.552335,Prigioniero,1,mm_llm_detect,0.1601
P05,2026-08-22T18:20:43.709498,Prigioniero,1,mm_llm_clarify,0.1561
P05,2026-08-22T18:20:43.735027,Prigioniero,1,mm_llm_intent,0.0252
P05,2026-08-22T18:20:44.012360,Prigioniero,1,mm_llm_intent,0.2766
P05,2026-08-22T18:20:46.184374,Prigioniero,1,tts_http_request,2.4725
P05,2026-08-22T18:21:05.250933,Prigioniero,1,stt_transcription,0.369
P05,2026-08-22T18:21:06.312590,Prigioniero,2,mm_llm_detect,0.1159
P05,2026-08-22T18:21:06.494672,Prigioniero,2,mm_llm_detect,0.1815
P05,2026-08-22T18:21:06.709150,Prigioniero,2,mm_llm_opening,0.2132
P05,2026-08-22T18:21:06.740232,Prigioniero,2,mm_llm_intent,0.0306
P05,2026-08-22T18:21:06.999017,Prigioniero,2,mm_llm_intent,0.2582
P05,2026-08-22T18:21:09.218251,Prigioniero,2,tts_http_request,2.5072
P05,2026-08-22T18:21:25.888114,Prigioniero,2,stt_transcription,0.3656
P05,2026-08-22T18:21:26.940691,Prigioniero,3,mm_llm_parse,0.076
P05,2026-08-22T18:21:27.190794,Prigioniero,3,mm_llm_parse,0.25
P05,2026-08-22T18:21:27.380272,Prigioniero,3,mm_llm_counter,0.1885
P05,2026-08-22T18:21:28.639898,Prigioniero,3,tts_http_request,1.258
P05,2026-08-22T18:21:38.220976,Prigioniero,3,stt_transcription,0.4785
P05,2026-08-22T18:21:38.425786,Prigioniero,4,mm_llm_parse,0.0748
P05,2026-08-22T18:21:38.585647,Prigioniero,4,mm_llm_parse,0.1594
P05,2026-08-22T18:21:38.767624,Prigioniero,4,mm_llm_counter,0.1798
P05,2026-08-22T18:21:39.814043,Prigioniero,4,tts_http_request,1.0449
P05,2026-08-22T18:21:48.888464,Prigioniero,4,stt_transcription,0.4526
P05,2026-08-22T18:21:49.079703,Prigioniero,5,mm_llm_parse,0.0731
P05,2026-08-22T18:21:49.197617,Prigioniero,5,mm_llm_parse,0.1171
P05,2026-08-22T18:21:49.381847,Prigioniero,5,mm_llm_counter,0.1833
P05,2026-08-22T18:21:50.270393,Prigioniero,5,tts_http_request,0.8876
P05,2026-08-22T18:22:01.477821,Prigioniero,5,stt_transcription,0.4788
P05,2026-08-22T18:22:01.685893,Prigioniero,6,mm_llm_parse,0.0755
P05,2026-08-22T18:22:01.838768,Prigioniero,6,mm_llm_parse,0.1526
P05,2026-08-22T18:22:02.024938,Prigioniero,6,mm_llm_counter,0.1847
P05,2026-08-22T18:22:02.869458,Prigioniero,6,tts_http_request,0.8438
P05,2026-08-22T18:22:11.486461,Prigioniero,6,stt_transcription,0.4428
P05,2026-08-22T18:22:11.684341,Prigioniero,7,mm_llm_parse,0.0606
P05,2026-08-22T18:22:11.837017,Prigioniero,7,mm_llm_parse,0.1518
P05,2026-08-22T18:22:11.988481,Prigioniero,7,mm_llm_counter,0.151
P05,2026-08-22T18:22:12.959215,Prigioniero,7,tts_http_request,0.9695
P05,2026-08-22T18:22:22.647497,Prigioniero,7,stt_transcription,0.4512
P05,2026-08-22T18:22:22.829488,Prigioniero,8,mm_llm_parse,0.0633
P05,2026-08-22T18:22:22.986179,Prigioniero,8,mm_llm_parse,0.1565
P05,2026-08-22T18:22:23.213550,Prigioniero,8,mm_llm_counter,0.2267
P05,2026-08-22T18:22:24.847557,Prigioniero,8,tts_http_request,1.6322
P05,2026-08-22T18:22:37.051900,Prigioniero,8,stt_transcription,0.3828
P05,2026-08-22T18:22:38.113247,Prigioniero,9,mm_llm_parse,0.1232
P05,2026-08-22T18:22:38.271797,Prigioniero,9,mm_llm_parse,0.1585
P05,2026-08-22T18:22:38.435756,Prigioniero,9,mm_llm_counter,0.1635
P05,2026-08-22T18:22:39.513594,Prigioniero,9,tts_http_request,1.0756
P05,2026-08-22T18:22:50.751099,Prigioniero,9,stt_transcription,0.4524
P05,2026-08-22T18:22:50.937380,Prigioniero,10,mm_llm_parse,0.0714
P05,2026-08-22T18:22:51.060106,Prigioniero,10,mm_llm_parse,0.122
P05,2026-08-22T18:22:51.367280,Prigioniero,10,mm_llm_counter,0.306
P05,2026-08-22T18:22:52.708134,Prigioniero,10,tts_http_request,1.3399
P05,2026-08-22T18:23:06.281354,Prigioniero,10,stt_transcription,0.4104
P05,2026-08-22T18:23:07.265425,Prigioniero,11,mm_llm_parse,0.0674
P05,2026-08-22T18:23:07.422645,Prigioniero,11,mm_llm_parse,0.1568
P05,2026-08-22T18:23:07.623565,Prigioniero,11,mm_llm_counter,0.1997
P05,2026-08-22T18:23:08.528223,Prigioniero,11,tts_http_request,0.9033
P05,2026-08-22T18:23:16.788519,Prigioniero,11,stt_transcription,0.3982
P05,2026-08-22T18:23:16.949969,Prigioniero,12,mm_llm_parse,0.0513
P05,2026-08-22T18:23:17.102597,Prigioniero,12,mm_llm_parse,0.1523
P05,2026-08-22T18:23:17.276195,Prigioniero,12,mm_llm_counter,0.1723
P05,2026-08-22T18:23:18.000036,Prigioniero,12,tts_http_request,0.7225
P05,2026-08-22T18:23:25.365781,Prigioniero,12,stt_transcription,0.3713
P05,2026-08-22T18:23:25.547839,Prigioniero,13,mm_llm_parse,0.0749
P05,2026-08-22T18:23:25.710618,Prigioniero,13,mm_llm_parse,0.1622
P05,2026-08-22T18:23:25.893432,Prigioniero,13,mm_llm_close,0.1816
P05,2026-08-22T18:23:26.857709,Prigioniero,13,tts_http_request,0.9595
P05,2026-08-22T18:23:39.707393,Prigioniero,13,stt_transcription,0.4421
P05,2026-08-22T18:23:41.090227,Prigioniero,14,llm_ttft,0.4639
P05,2026-08-22T18:23:41.656459,Prigioniero,14,tts_http_request,0.5471
P05,2026-08-22T18:23:41.900067,Prigioniero,14,llm_full,1.2733
P05,2026-08-22T18:23:42.383107,Prigioniero,14,tts_http_request,0.482
P05,2026-08-22T18:23:50.960592,Prigioniero,14,stt_transcription,0.3747
P05,2026-08-22T18:23:51.438524,Prigioniero,15,tts_http_request,0.3755
P05,2026-08-22T18:38:04.000767,Prigioniero,0,llm_ttft,0.2266
P05,2026-08-22T18:38:06.051933,Prigioniero,0,tts_http_request,2.0223
P05,2026-08-22T18:38:06.306173,Prigioniero,0,llm_full,2.5322
P05,2026-08-22T18:38:07.409480,Prigioniero,0,tts_http_request,1.1021
P05,2026-08-22T18:38:22.704626,Prigioniero,0,stt_transcription,0.2437
P05,2026-08-22T18:38:23.693796,Prigioniero,1,mm_llm_detect,0.0627
P05,2026-08-22T18:38:23.824525,Prigioniero,1,mm_llm_detect,0.1308
P05,2026-08-22T18:38:23.966494,Prigioniero,1,mm_llm_clarify,0.1409
P05,2026-08-22T18:38:23.994547,Prigioniero,1,mm_llm_intent,0.0271
P05,2026-08-22T18:38:24.235174,Prigioniero,1,mm_llm_intent,0.24
P05,2026-08-22T18:38:25.943630,Prigioniero,1,tts_http_request,1.9748
P05,2026-08-22T18:38:39.609859,Prigioniero,1,stt_transcription,0.4481
P05,2026-08-22T18:38:40.607810,Prigioniero,2,mm_llm_detect,0.0688
P05,2026-08-22T18:38:42.112356,Prigioniero,2,mm_llm_detect,1.5038
P05,2026-08-22T18:38:42.314095,Prigioniero,2,mm_llm_opening,0.2013
P05,2026-08-22T18:38:42.344131,Prigioniero,2,mm_llm_intent,0.0283
P05,2026-08-22T18:38:42.601108,Prigioniero,2,mm_llm_intent,0.2571
P05,2026-08-22T18:38:45.061565,Prigioniero,2,tts_http_request,2.7452
P05,2026-08-22T18:39:01.988644,Prigioniero,2,stt_transcription,0.3864
P05,2026-08-22T18:39:02.982711,Prigioniero,3,mm_llm_parse,0.0751
P05,2026-08-22T18:39:03.141429,Prigioniero,3,mm_llm_parse,0.1595
P05,2026-08-22T18:39:03.330543,Prigioniero,3,mm_llm_counter,0.1869
P05,2026-08-22T18:39:05.013007,Prigioniero,3,tts_http_request,1.6811
P05,2026-08-22T18:39:14.807836,Prigioniero,3,stt_transcription,0.4451
P05,2026-08-22T18:39:15.021619,Prigioniero,4,mm_llm_parse,0.0791
P05,2026-08-22T18:39:15.179258,Prigioniero,4,mm_llm_parse,0.1571
P05,2026-08-22T18:39:15.694534,Prigioniero,4,mm_llm_counter,0.5147
P05,2026-08-22T18:39:16.897002,Prigioniero,4,tts_http_request,1.2009
P05,2026-08-22T18:39:29.192839,Prigioniero,4,stt_transcription,0.4654
P05,2026-08-22T18:39:30.181796,Prigioniero,5,mm_llm_parse,0.0682
P05,2026-08-22T18:39:30.301051,Prigioniero,5,mm_llm_parse,0.1185
P05,2026-08-22T18:39:30.487777,Prigioniero,5,mm_llm_close,0.1859
P05,2026-08-22T18:39:32.156124,Prigioniero,5,tts_http_request,1.6647
P05,2026-08-22T18:39:42.995148,Prigioniero,5,stt_transcription,0.3777
P05,2026-08-22T18:39:43.792585,Prigioniero,6,tts_http_request,0.6659
P05,2026-08-22T18:39:53.490639,Prigioniero,0,llm_ttft,0.3886
P05,2026-08-22T18:39:54.931056,Prigioniero,0,tts_http_request,1.4049
P05,2026-08-22T18:39:55.197468,Prigioniero,0,llm_full,2.096
P05,2026-08-22T18:39:56.449142,Prigioniero,0,tts_http_request,1.2495
P05,2026-08-22T18:40:12.337389,Prigioniero,0,stt_transcription,0.4368
P05,2026-08-22T18:40:12.512567,Prigioniero,1,mm_llm_detect,0.0659
P05,2026-08-22T18:40:12.789391,Prigioniero,1,mm_llm_detect,0.2764
P05,2026-08-22T18:40:13.177975,Prigioniero,1,mm_llm_clarify,0.3883
P05,2026-08-22T18:40:13.205994,Prigioniero,1,mm_llm_intent,0.027
P05,2026-08-22T18:40:13.454544,Prigioniero,1,mm_llm_intent,0.2477
P05,2026-08-22T18:40:15.288116,Prigioniero,1,tts_http_request,2.1076
P05,2026-08-22T18:40:28.926446,Prigioniero,1,stt_transcription,0.3794
P05,2026-08-22T18:40:29.913112,Prigioniero,2,mm_llm_detect,0.0639
P05,2026-08-22T18:40:30.102973,Prigioniero,2,mm_llm_detect,0.1897
P05,2026-08-22T18:40:30.294084,Prigioniero,2,mm_llm_opening,0.1902
P05,2026-08-22T18:40:30.324664,Prigioniero,2,mm_llm_intent,0.0289
P05,2026-08-22T18:40:30.542178,Prigioniero,2,mm_llm_intent,0.2177
P05,2026-08-22T18:40:32.123811,Prigioniero,2,tts_http_request,1.8267
P05,2026-08-22T18:40:45.164616,Prigioniero,2,stt_transcription,0.4565
P05,2026-08-22T18:40:46.145345,Prigioniero,3,mm_llm_parse,0.0663
P05,2026-08-22T18:40:46.266613,Prigioniero,3,mm_llm_parse,0.1219
P05,2026-08-22T18:40:46.429454,Prigioniero,3,mm_llm_counter,0.1619
P05,2026-08-22T18:40:48.146826,Prigioniero,3,tts_http_request,1.7162
P05,2026-08-22T18:41:00.304617,Prigioniero,3,stt_transcription,0.4571
P05,2026-08-22T18:41:01.301810,Prigioniero,4,mm_llm_parse,0.0777
P05,2026-08-22T18:41:01.461083,Prigioniero,4,mm_llm_parse,0.1593
P05,2026-08-22T18:41:01.686983,Prigioniero,4,mm_llm_counter,0.2244
P05,2026-08-22T18:41:03.343645,Prigioniero,4,tts_http_request,1.6557
P05,2026-08-22T18:41:16.144965,Prigioniero,4,stt_transcription,0.3974
P05,2026-08-22T18:41:17.139672,Prigioniero,5,mm_llm_parse,0.0689
P05,2026-08-22T18:41:17.296386,Prigioniero,5,mm_llm_parse,0.1561
P05,2026-08-22T18:41:17.469132,Prigioniero,5,mm_llm_counter,0.1716
P05,2026-08-22T18:41:18.943980,Prigioniero,5,tts_http_request,1.4742
P05,2026-08-22T18:41:29.584710,Prigioniero,5,stt_transcription,0.3662
P05,2026-08-22T18:41:29.762061,Prigioniero,6,mm_llm_parse,0.0648
P05,2026-08-22T18:41:29.915800,Prigioniero,6,mm_llm_parse,0.153
P05,2026-08-22T18:41:30.090207,Prigioniero,6,mm_llm_close,0.1737
P05,2026-08-22T18:41:30.793245,Prigioniero,6,tts_http_request,0.698
P05,2026-08-22T18:41:37.774645,Prigioniero,6,stt_transcription,0.4501
P05,2026-08-22T18:41:38.339353,Prigioniero,7,tts_http_request,0.4462
P06,2026-08-22T18:51:10.441385,Prigioniero,0,llm_ttft,0.2024
P06,2026-08-22T18:51:13.236172,Prigioniero,0,tts_http_request,2.7596
P06,2026-08-22T18:51:13.498162,Prigioniero,0,llm_full,3.2591
P06,2026-08-22T18:51:14.304538,Prigioniero,0,tts_http_request,0.8054
P06,2026-08-22T18:51:28.967346,Prigioniero,0,stt_transcription,0.3054
P06,2026-08-22T18:51:29.154483,Prigioniero,1,mm_llm_detect,0.0776
P06,2026-08-22T18:51:29.325036,Prigioniero,1,mm_llm_detect,0.1699
P06,2026-08-22T18:51:29.463859,Prigioniero,1,mm_llm_clarify,0.1375
P06,2026-08-22T18:51:29.497386,Prigioniero,1,mm_llm_intent,0.033
P06,2026-08-22T18:51:29.728328,Prigioniero,1,mm_llm_intent,0.2306
P06,2026-08-22T18:51:30.739516,Prigioniero,1,tts_http_request,1.2744
P06,2026-08-22T18:51:41.624969,Prigioniero,1,stt_transcription,0.4059
P06,2026-08-22T18:51:41.811253,Prigioniero,2,mm_llm_detect,0.0797
P06,2026-08-22T18:51:42.230068,Prigioniero,2,mm_llm_detect,0.4176
P06,2026-08-22T18:51:42.416430,Prigioniero,2,mm_llm_clarify,0.1854
P06,2026-08-22T18:51:42.447663,Prigioniero,2,mm_llm_intent,0.0304
P06,2026-08-22T18:51:42.671758,Prigioniero,2,mm_llm_intent,0.2246
P06,2026-08-22T18:51:44.248270,Prigioniero,2,tts_http_request,1.8303
P06,2026-08-22T18:51:55.444579,Prigioniero,2,stt_transcription,0.4446
P06,2026-08-22T18:51:55.632122,Prigioniero,3,mm_llm_detect,0.0511
P06,2026-08-22T18:51:56.080591,Prigioniero,3,mm_llm_detect,0.4472
P06,2026-08-22T18:51:56.269405,Prigioniero,3,mm_llm_opening,0.1888
P06,2026-08-22T18:51:56.296982,Prigioniero,3,mm_llm_intent,0.0262
P06,2026-08-22T18:51:56.546239,Prigioniero,3,mm_llm_intent,0.2486
P06,2026-08-22T18:51:58.366324,Prigioniero,3,tts_http_request,2.094
P06,2026-08-22T18:52:09.882350,Prigioniero,3,stt_transcription,0.3814
P06,2026-08-22T18:52:10.086703,Prigioniero,4,mm_llm_parse,0.0748
P06,2026-08-22T18:52:10.250929,Prigioniero,4,mm_llm_parse,0.1634
P06,2026-08-22T18:52:10.443276,Prigioniero,4,mm_llm_counter,0.1911
P06,2026-08-22T18:52:12.008778,Prigioniero,4,tts_http_request,1.5642
P06,2026-08-22T18:52:24.023343,Prigioniero,4,stt_transcription,0.4442
P06,2026-08-22T18:52:25.002405,Prigioniero,5,mm_llm_parse,0.0644
P06,2026-08-22T18:52:25.169882,Prigioniero,5,mm_llm_parse,0.1673
P06,2026-08-22T18:52:25.476244,Prigioniero,5,mm_llm_counter,0.3055
P06,2026-08-22T18:52:26.767378,Prigioniero,5,tts_http_request,1.2897
P06,2026-08-22T18:52:36.171192,Prigioniero,5,stt_transcription,0.4324
P06,2026-08-22T18:52:36.351660,Prigioniero,6,mm_llm_parse,0.0755
P06,2026-08-22T18:52:36.524388,Prigioniero,6,mm_llm_parse,0.1727
P06,2026-08-22T18:52:36.668126,Prigioniero,6,mm_llm_close,0.1422
P06,2026-08-22T18:52:37.821246,Prigioniero,6,tts_http_request,1.1499
P06,2026-08-22T18:52:44.956710,Prigioniero,6,stt_transcription,0.4539
P06,2026-08-22T18:52:45.441879,Prigioniero,7,tts_http_request,0.3698
P06,2026-08-22T18:52:52.248806,Prigioniero,0,llm_ttft,0.3852
P06,2026-08-22T18:52:53.017873,Prigioniero,0,tts_http_request,0.7508
P06,2026-08-22T18:52:53.266486,Prigioniero,0,llm_full,1.4025
P06,2026-08-22T18:52:54.707517,Prigioniero,0,tts_http_request,1.4394
P06,2026-08-22T18:53:10.448109,Prigioniero,0,stt_transcription,0.4673
P06,2026-08-22T18:53:11.477963,Prigioniero,1,mm_llm_detect,0.0769
P06,2026-08-22T18:53:11.769216,Prigioniero,1,mm_llm_detect,0.2914
P06,2026-08-22T18:53:11.947240,Prigioniero,1,mm_llm_opening,0.1767
P06,2026-08-22T18:53:11.976780,Prigioniero,1,mm_llm_intent,0.0285
P06,2026-08-22T18:53:12.900137,Prigioniero,1,mm_llm_intent,0.9231
P06,2026-08-22T18:53:13.489122,Prigioniero,1,tts_http_request,1.5397
P06,2026-08-22T18:53:25.346299,Prigioniero,1,stt_transcription,0.3957
P06,2026-08-22T18:53:26.351806,Prigioniero,2,mm_llm_parse,0.0782
P06,2026-08-22T18:53:26.519646,Prigioniero,2,mm_llm_parse,0.1674
P06,2026-08-22T18:53:26.815483,Prigioniero,2,mm_llm_counter,0.294
P06,2026-08-22T18:53:28.900488,Prigioniero,2,tts_http_request,2.0839
P06,2026-08-22T18:53:41.178100,Prigioniero,2,stt_transcription,0.3862
P06,2026-08-22T18:53:42.178096,Prigioniero,3,mm_llm_parse,0.0752
P06,2026-08-22T18:53:42.308564,Prigioniero,3,mm_llm_parse,0.1297
P06,2026-08-22T18:53:42.978885,Prigioniero,3,mm_llm_close,0.6696
P06,2026-08-22T18:53:45.126768,Prigioniero,3,tts_http_request,2.1404
P06,2026-08-22T18:53:56.155141,Prigioniero,3,stt_transcription,0.4431
P06,2026-08-22T18:53:56.608869,Prigioniero,4,tts_http_request,0.3284
P06,2026-08-22T18:54:04.579687,Prigioniero,0,llm_ttft,0.3753
P06,2026-08-22T18:54:04.988608,Prigioniero,0,tts_http_request,0.399
P06,2026-08-22T18:54:05.223108,Prigioniero,0,llm_full,1.0182
P06,2026-08-22T18:54:05.793076,Prigioniero,0,tts_http_request,0.5696
P06,2026-08-22T18:54:19.147829,Prigioniero,0,stt_transcription,0.411
P06,2026-08-22T18:54:19.356907,Prigioniero,1,mm_llm_detect,0.0726
P06,2026-08-22T18:54:19.508805,Prigioniero,1,mm_llm_detect,0.1515
P06,2026-08-22T18:54:19.683083,Prigioniero,1,mm_llm_opening,0.174
P06,2026-08-22T18:54:19.712728,Prigioniero,1,mm_llm_intent,0.028
P06,2026-08-22T18:54:21.841752,Prigioniero,1,tts_http_request,2.1565
P06,2026-08-22T18:54:22.213204,Prigioniero,1,mm_llm_intent,2.5006
P06,2026-08-22T18:54:38.344316,Prigioniero,1,stt_transcription,0.4075
P06,2026-08-22T18:54:39.343063,Prigioniero,2,mm_llm_parse,0.0745
P06,2026-08-22T18:54:39.514285,Prigioniero,2,mm_llm_parse,0.1707
P06,2026-08-22T18:54:39.794019,Prigioniero,2,mm_llm_close,0.2793
P06,2026-08-22T18:54:40.865613,Prigioniero,2,tts_http_request,1.0641
P06,2026-08-22T18:54:48.771560,Prigioniero,2,stt_transcription,0.3741
P06,2026-08-22T18:54:49.347840,Prigioniero,3,tts_http_request,0.471
P07,2026-08-22T18:57:43.859494,Prigioniero,0,llm_ttft,0.2036
P07,2026-08-22T18:57:45.574483,Prigioniero,0,tts_http_request,1.6975
P07,2026-08-22T18:57:45.819714,Prigioniero,0,llm_full,2.1641
P07,2026-08-22T18:57:54.490321,Prigioniero,0,stt_transcription,0.1898
P07,2026-08-22T18:57:54.702103,Prigioniero,1,mm_llm_detect,0.0721
P07,2026-08-22T18:57:54.827289,Prigioniero,1,mm_llm_detect,0.1253
P07,2026-08-22T18:57:55.505451,Prigioniero,1,mm_llm_clarify,0.6769
P07,2026-08-22T18:57:55.532840,Prigioniero,1,mm_llm_intent,0.0272
P07,2026-08-22T18:57:56.099217,Prigioniero,1,tts_http_request,0.5918
P07,2026-08-22T18:57:56.886866,Prigioniero,1,mm_llm_intent,1.3531
P07,2026-08-22T18:58:06.689451,Prigioniero,1,stt_transcription,0.4579
P07,2026-08-22T18:58:06.870535,Prigioniero,2,mm_llm_detect,0.0673
P07,2026-08-22T18:58:06.998007,Prigioniero,2,mm_llm_detect,0.1268
P07,2026-08-22T18:58:07.196072,Prigioniero,2,mm_llm_clarify,0.1979
P07,2026-08-22T18:58:07.226116,Prigioniero,2,mm_llm_intent,0.0287
P07,2026-08-22T18:58:07.480815,Prigioniero,2,mm_llm_intent,0.2544
P07,2026-08-22T18:58:10.400867,Prigioniero,2,tts_http_request,3.2029
P07,2026-08-22T18:58:30.403182,Prigioniero,2,stt_transcription,0.3655
P07,2026-08-22T18:58:31.384357,Prigioniero,3,mm_llm_detect,0.0644
P07,2026-08-22T18:58:31.545081,Prigioniero,3,mm_llm_detect,0.1605
P07,2026-08-22T18:58:31.711278,Prigioniero,3,mm_llm_opening,0.1649
P07,2026-08-22T18:58:31.743802,Prigioniero,3,mm_llm_intent,0.0313
P07,2026-08-22T18:58:31.998093,Prigioniero,3,mm_llm_intent,0.2547
P07,2026-08-22T18:58:33.534518,Prigioniero,3,tts_http_request,1.8213
P07,2026-08-22T18:58:47.226202,Prigioniero,3,stt_transcription,0.3872
P07,2026-08-22T18:58:48.202945,Prigioniero,4,mm_llm_parse,0.0519
P07,2026-08-22T18:58:48.331919,Prigioniero,4,mm_llm_parse,0.1289
P07,2026-08-22T18:58:48.474753,Prigioniero,4,mm_llm_counter,0.142
P07,2026-08-22T18:58:49.916866,Prigioniero,4,tts_http_request,1.4409
P07,2026-08-22T18:59:01.110956,Prigioniero,4,stt_transcription,0.3523
P07,2026-08-22T18:59:01.301949,Prigioniero,5,mm_llm_parse,0.0726
P07,2026-08-22T18:59:01.468762,Prigioniero,5,mm_llm_parse,0.1668
P07,2026-08-22T18:59:01.771445,Prigioniero,5,mm_llm_counter,0.3019
P07,2026-08-22T18:59:02.776369,Prigioniero,5,tts_http_request,1.0029
P07,2026-08-22T18:59:12.811269,Prigioniero,5,stt_transcription,0.3542
P07,2026-08-22T18:59:13.004187,Prigioniero,6,mm_llm_parse,0.0785
P07,2026-08-22T18:59:13.254863,Prigioniero,6,mm_llm_parse,0.2496
P07,2026-08-22T18:59:13.407493,Prigioniero,6,mm_llm_counter,0.1525
P07,2026-08-22T18:59:14.683613,Prigioniero,6,tts_http_request,1.2745
P07,2026-08-22T18:59:23.303951,Prigioniero,6,stt_transcription,0.3638
P07,2026-08-22T18:59:23.490422,Prigioniero,7,mm_llm_parse,0.0699
P07,2026-08-22T18:59:23.657544,Prigioniero,7,mm_llm_parse,0.1674
P07,2026-08-22T18:59:23.846859,Prigioniero,7,mm_llm_counter,0.1879
P07,2026-08-22T18:59:25.011287,Prigioniero,7,tts_http_request,1.1636
P07,2026-08-22T18:59:31.775540,Prigioniero,7,stt_transcription,0.3536
P07,2026-08-22T18:59:31.964354,Prigioniero,8,mm_llm_parse,0.063
P07,2026-08-22T18:59:32.127139,Prigioniero,8,mm_llm_parse,0.1629
P07,2026-08-22T18:59:32.310997,Prigioniero,8,mm_llm_close,0.1822
P07,2026-08-22T18:59:33.451201,Prigioniero,8,tts_http_request,1.1346
P07,2026-08-22T18:59:41.206829,Prigioniero,8,stt_transcription,0.7151
P07,2026-08-22T18:59:41.655824,Prigioniero,9,tts_http_request,0.3337
P07,2026-08-22T18:59:51.654834,Prigioniero,0,llm_ttft,0.3826
P07,2026-08-22T18:59:52.291408,Prigioniero,0,tts_http_request,0.6158
P07,2026-08-22T18:59:52.524429,Prigioniero,0,llm_full,1.2516
P07,2026-08-22T18:59:53.026522,Prigioniero,0,tts_http_request,0.5018
P07,2026-08-22T19:00:02.801959,Prigioniero,0,stt_transcription,0.3911
P07,2026-08-22T19:00:03.003443,Prigioniero,1,mm_llm_detect,0.0738
P07,2026-08-22T19:00:03.231943,Prigioniero,1,mm_llm_detect,0.2281
P07,2026-08-22T19:00:04.663654,Prigioniero,1,mm_llm_clarify,1.4312
P07,2026-08-22T19:00:04.693818,Prigioniero,1,mm_llm_intent,0.0287
P07,2026-08-22T19:00:05.180542,Prigioniero,1,mm_llm_intent,0.4861
P07,2026-08-22T19:00:07.798971,Prigioniero,1,tts_http_request,3.1324
P07,2026-08-22T19:00:23.831768,Prigioniero,1,stt_transcription,0.3699
P07,2026-08-22T19:00:24.830552,Prigioniero,2,mm_llm_detect,0.0805
P07,2026-08-22T19:00:24.975142,Prigioniero,2,mm_llm_detect,0.1446
P07,2026-08-22T19:00:25.115141,Prigioniero,2,mm_llm_opening,0.1395
P07,2026-08-22T19:00:25.148663,Prigioniero,2,mm_llm_intent,0.0321
P07,2026-08-22T19:00:25.372995,Prigioniero,2,mm_llm_intent,0.2235
P07,2026-08-22T19:00:26.823060,Prigioniero,2,tts_http_request,1.7056
P07,2026-08-22T19:00:39.942520,Prigioniero,2,stt_transcription,0.7404
P07,2026-08-22T19:00:40.938531,Prigioniero,3,mm_llm_parse,0.075
P07,2026-08-22T19:00:41.100968,Prigioniero,3,mm_llm_parse,0.1626
P07,2026-08-22T19:00:41.350542,Prigioniero,3,mm_llm_counter,0.2487
P07,2026-08-22T19:00:43.753199,Prigioniero,3,tts_http_request,2.4011
P07,2026-08-22T19:01:00.020015,Prigioniero,3,stt_transcription,0.457
P07,2026-08-22T19:01:01.013950,Prigioniero,4,mm_llm_parse,0.0691
P07,2026-08-22T19:01:01.174828,Prigioniero,4,mm_llm_parse,0.1606
P07,2026-08-22T19:01:01.353277,Prigioniero,4,mm_llm_counter,0.1767
P07,2026-08-22T19:01:02.335433,Prigioniero,4,tts_http_request,0.9813
P07,2026-08-22T19:01:16.187565,Prigioniero,4,stt_transcription,0.4645
P07,2026-08-22T19:01:17.173488,Prigioniero,5,mm_llm_parse,0.0641
P07,2026-08-22T19:01:17.340738,Prigioniero,5,mm_llm_parse,0.1672
P07,2026-08-22T19:01:17.544595,Prigioniero,5,mm_llm_close,0.2029
P07,2026-08-22T19:01:18.861773,Prigioniero,5,tts_http_request,1.3127
P07,2026-08-22T19:01:28.411625,Prigioniero,5,stt_transcription,0.3684
P07,2026-08-22T19:01:28.823489,Prigioniero,6,tts_http_request,0.2807
P07,2026-08-22T19:01:40.229140,Prigioniero,0,llm_ttft,0.3843
P07,2026-08-22T19:01:41.613895,Prigioniero,0,tts_http_request,1.3587
P07,2026-08-22T19:01:41.870306,Prigioniero,0,llm_full,2.0255
P07,2026-08-22T19:01:42.338454,Prigioniero,0,tts_http_request,0.4666
P07,2026-08-22T19:01:56.495283,Prigioniero,0,stt_transcription,0.5731
P07,2026-08-22T19:01:56.680031,Prigioniero,1,mm_llm_detect,0.0513
P07,2026-08-22T19:01:56.805243,Prigioniero,1,mm_llm_detect,0.125
P07,2026-08-22T19:01:56.981867,Prigioniero,1,mm_llm_clarify,0.1751
P07,2026-08-22T19:01:57.011383,Prigioniero,1,mm_llm_intent,0.0281
P07,2026-08-22T19:01:57.264646,Prigioniero,1,mm_llm_intent,0.2526
P07,2026-08-22T19:01:59.077875,Prigioniero,1,tts_http_request,2.0938
P07,2026-08-22T19:02:10.808411,Prigioniero,1,stt_transcription,0.4356
P07,2026-08-22T19:02:10.978761,Prigioniero,2,mm_llm_detect,0.0658
P07,2026-08-22T19:02:11.697335,Prigioniero,2,mm_llm_detect,0.7181
P07,2026-08-22T19:02:11.893068,Prigioniero,2,mm_llm_opening,0.1951
P07,2026-08-22T19:02:11.923626,Prigioniero,2,mm_llm_intent,0.0286
P07,2026-08-22T19:02:12.178969,Prigioniero,2,mm_llm_intent,0.2556
P07,2026-08-22T19:02:14.393362,Prigioniero,2,tts_http_request,2.4981
P07,2026-08-22T19:02:28.432056,Prigioniero,2,stt_transcription,0.4449
P07,2026-08-22T19:02:29.426534,Prigioniero,3,mm_llm_parse,0.0719
P07,2026-08-22T19:02:29.556550,Prigioniero,3,mm_llm_parse,0.1298
P07,2026-08-22T19:02:29.694220,Prigioniero,3,mm_llm_counter,0.1359
P07,2026-08-22T19:02:30.669265,Prigioniero,3,tts_http_request,0.9739
P07,2026-08-22T19:02:39.376207,Prigioniero,3,stt_transcription,0.4382
P07,2026-08-22T19:02:39.596259,Prigioniero,4,mm_llm_parse,0.0905
P07,2026-08-22T19:02:39.829272,Prigioniero,4,mm_llm_parse,0.2322
P07,2026-08-22T19:02:40.262226,Prigioniero,4,mm_llm_close,0.4325
P07,2026-08-22T19:02:41.032737,Prigioniero,4,tts_http_request,0.7671
P07,2026-08-22T19:02:48.426884,Prigioniero,4,stt_transcription,0.3666
P07,2026-08-22T19:02:48.898812,Prigioniero,5,tts_http_request,0.3633
P08,2026-08-22T19:48:47.256725,Prigioniero,0,llm_ttft,0.9372
P08,2026-08-22T19:48:48.860360,Prigioniero,0,tts_http_request,1.5977
P08,2026-08-22T19:48:49.005474,Prigioniero,0,llm_full,2.6859
P08,2026-08-22T19:48:58.484610,Prigioniero,0,stt_transcription,0.2302
P08,2026-08-22T19:48:58.677763,Prigioniero,1,mm_llm_detect,0.0681
P08,2026-08-22T19:48:58.862576,Prigioniero,1,mm_llm_detect,0.1844
P08,2026-08-22T19:48:59.053868,Prigioniero,1,mm_llm_opening,0.1909
P08,2026-08-22T19:48:59.083898,Prigioniero,1,mm_llm_intent,0.028
P08,2026-08-22T19:48:59.339834,Prigioniero,1,mm_llm_intent,0.2556
P08,2026-08-22T19:49:00.645766,Prigioniero,1,tts_http_request,1.5888
P08,2026-08-22T19:49:12.935830,Prigioniero,1,stt_transcription,0.3913
P08,2026-08-22T19:49:13.914279,Prigioniero,2,mm_llm_parse,0.0693
P08,2026-08-22T19:49:14.081734,Prigioniero,2,mm_llm_parse,0.1662
P08,2026-08-22T19:49:14.262984,Prigioniero,2,mm_llm_counter,0.1802
P08,2026-08-22T19:49:15.591549,Prigioniero,2,tts_http_request,1.3245
P08,2026-08-22T19:49:24.962008,Prigioniero,2,stt_transcription,0.447
P08,2026-08-22T19:49:25.148235,Prigioniero,3,mm_llm_parse,0.0638
P08,2026-08-22T19:49:25.277718,Prigioniero,3,mm_llm_parse,0.1285
P08,2026-08-22T19:49:25.431883,Prigioniero,3,mm_llm_counter,0.1534
P08,2026-08-22T19:49:27.113199,Prigioniero,3,tts_http_request,1.6795
P08,2026-08-22T19:49:39.661604,Prigioniero,3,stt_transcription,0.4526
P08,2026-08-22T19:49:40.646310,Prigioniero,4,mm_llm_parse,0.0609
P08,2026-08-22T19:49:40.812053,Prigioniero,4,mm_llm_parse,0.1658
P08,2026-08-22T19:49:40.979575,Prigioniero,4,mm_llm_close,0.167
P08,2026-08-22T19:49:41.835529,Prigioniero,4,tts_http_request,0.8479
P08,2026-08-22T19:49:49.276619,Prigioniero,4,stt_transcription,0.368
P08,2026-08-22T19:49:49.755488,Prigioniero,5,tts_http_request,0.347
P08,2026-08-22T19:49:56.998462,Prigioniero,0,llm_ttft,0.8055
P08,2026-08-22T19:49:57.496321,Prigioniero,0,tts_http_request,0.4906
P08,2026-08-22T19:49:57.725044,Prigioniero,0,llm_full,1.5321
P08,2026-08-22T19:49:58.269284,Prigioniero,0,tts_http_request,0.5438
P08,2026-08-22T19:50:06.589544,Prigioniero,0,stt_transcription,0.3639
P08,2026-08-22T19:50:06.776751,Prigioniero,1,mm_llm_detect,0.0751
P08,2026-08-22T19:50:06.942560,Prigioniero,1,mm_llm_detect,0.1655
P08,2026-08-22T19:50:07.169050,Prigioniero,1,mm_llm_clarify,0.2254
P08,2026-08-22T19:50:07.195575,Prigioniero,1,mm_llm_intent,0.0259
P08,2026-08-22T19:50:07.474682,Prigioniero,1,mm_llm_intent,0.2784
P08,2026-08-22T19:50:11.409265,Prigioniero,1,tts_http_request,4.2385
P08,2026-08-22T19:50:33.669271,Prigioniero,1,stt_transcription,0.4646
P08,2026-08-22T19:50:34.655116,Prigioniero,2,mm_llm_detect,0.0667
P08,2026-08-22T19:50:34.827957,Prigioniero,2,mm_llm_detect,0.172
P08,2026-08-22T19:50:35.033953,Prigioniero,2,mm_llm_opening,0.2054
P08,2026-08-22T19:50:35.062477,Prigioniero,2,mm_llm_intent,0.0268
P08,2026-08-22T19:50:35.336585,Prigioniero,2,mm_llm_intent,0.2739
P08,2026-08-22T19:50:37.570747,Prigioniero,2,tts_http_request,2.5334
P08,2026-08-22T19:50:53.371671,Prigioniero,2,stt_transcription,0.4166
P08,2026-08-22T19:50:54.413477,Prigioniero,3,mm_llm_parse,0.0743
P08,2026-08-22T19:50:54.558185,Prigioniero,3,mm_llm_parse,0.1444
P08,2026-08-22T19:50:54.721920,Prigioniero,3,mm_llm_close,0.1626
P08,2026-08-22T19:50:55.700010,Prigioniero,3,tts_http_request,0.971
P08,2026-08-22T19:51:03.648330,Prigioniero,3,stt_transcription,0.3928
P08,2026-08-22T19:51:04.154836,Prigioniero,4,tts_http_request,0.3901
P08,2026-08-22T19:51:17.067166,Prigioniero,0,llm_ttft,0.5236
P08,2026-08-22T19:51:18.334427,Prigioniero,0,tts_http_request,1.2369
P08,2026-08-22T19:51:18.578472,Prigioniero,0,llm_full,2.0361
P08,2026-08-22T19:51:26.541676,Prigioniero,0,stt_transcription,0.466
P08,2026-08-22T19:51:26.751463,Prigioniero,1,mm_llm_detect,0.0673
P08,2026-08-22T19:51:26.912659,Prigioniero,1,mm_llm_detect,0.1602
P08,2026-08-22T19:51:27.066824,Prigioniero,1,mm_llm_clarify,0.1542
P08,2026-08-22T19:51:27.097376,Prigioniero,1,mm_llm_intent,0.029
P08,2026-08-22T19:51:27.322512,Prigioniero,1,mm_llm_intent,0.2247
P08,2026-08-22T19:51:29.320886,Prigioniero,1,tts_http_request,2.2515
P08,2026-08-22T19:51:39.622203,Prigioniero,1,stt_transcription,0.3812
P08,2026-08-22T19:51:39.822362,Prigioniero,2,mm_llm_detect,0.0687
P08,2026-08-22T19:51:40.113849,Prigioniero,2,mm_llm_detect,0.2916
P08,2026-08-22T19:51:40.246646,Prigioniero,2,mm_llm_clarify,0.1315
P08,2026-08-22T19:51:40.274668,Prigioniero,2,mm_llm_intent,0.0276
P08,2026-08-22T19:51:40.541777,Prigioniero,2,mm_llm_intent,0.2662
P08,2026-08-22T19:51:41.748624,Prigioniero,2,tts_http_request,1.5003
P08,2026-08-22T19:51:52.694744,Prigioniero,2,stt_transcription,0.5772
P08,2026-08-22T19:51:52.894781,Prigioniero,3,mm_llm_detect,0.0783
P08,2026-08-22T19:51:53.046913,Prigioniero,3,mm_llm_detect,0.1519
P08,2026-08-22T19:51:53.230974,Prigioniero,3,mm_llm_opening,0.1825
P08,2026-08-22T19:51:53.259066,Prigioniero,3,mm_llm_intent,0.0276
P08,2026-08-22T19:51:53.505291,Prigioniero,3,mm_llm_intent,0.2464
P08,2026-08-22T19:51:56.442711,Prigioniero,3,tts_http_request,3.2093
P08,2026-08-22T19:52:15.993818,Prigioniero,3,stt_transcription,0.3875
P08,2026-08-22T19:52:16.977167,Prigioniero,4,mm_llm_parse,0.0683
P08,2026-08-22T19:52:17.107789,Prigioniero,4,mm_llm_parse,0.1306
P08,2026-08-22T19:52:17.257470,Prigioniero,4,mm_llm_close,0.1485
P08,2026-08-22T19:52:18.808613,Prigioniero,4,tts_http_request,1.5481
P08,2026-08-22T19:52:28.856793,Prigioniero,4,stt_transcription,0.3606
P08,2026-08-22T19:52:29.419165,Prigioniero,5,tts_http_request,0.4444
P08,2026-08-22T19:56:38.040472,Prigioniero,0,llm_ttft,0.228
P08,2026-08-22T19:56:41.007387,Prigioniero,0,tts_http_request,2.9198
P08,2026-08-22T19:56:41.272202,Prigioniero,0,llm_full,3.4599
P08,2026-08-22T19:56:42.948610,Prigioniero,0,tts_http_request,1.6751
P08,2026-08-22T19:57:00.674573,Prigioniero,0,stt_transcription,0.2826
P08,2026-08-22T19:57:01.688414,Prigioniero,1,mm_llm_detect,0.0848
P08,2026-08-22T19:57:01.830856,Prigioniero,1,mm_llm_detect,0.1426
P08,2026-08-22T19:57:02.006179,Prigioniero,1,mm_llm_clarify,0.1738
P08,2026-08-22T19:57:02.039201,Prigioniero,1,mm_llm_intent,0.0319
P08,2026-08-22T19:57:02.301754,Prigioniero,1,mm_llm_intent,0.2628
P08,2026-08-22T19:57:03.517194,Prigioniero,1,tts_http_request,1.5091
P08,2026-08-22T19:57:14.091236,Prigioniero,1,stt_transcription,0.3901
P08,2026-08-22T19:57:14.275067,Prigioniero,2,mm_llm_detect,0.0615
P08,2026-08-22T19:57:14.415199,Prigioniero,2,mm_llm_detect,0.1396
P08,2026-08-22T19:57:14.574823,Prigioniero,2,mm_llm_opening,0.1591
P08,2026-08-22T19:57:14.604360,Prigioniero,2,mm_llm_intent,0.0283
P08,2026-08-22T19:57:14.830331,Prigioniero,2,mm_llm_intent,0.225
P08,2026-08-22T19:57:17.239869,Prigioniero,2,tts_http_request,2.6632
P08,2026-08-22T19:57:31.285309,Prigioniero,2,stt_transcription,0.3929
P08,2026-08-22T19:57:32.287076,Prigioniero,3,mm_llm_parse,0.0812
P08,2026-08-22T19:57:32.813326,Prigioniero,3,mm_llm_parse,0.5258
P08,2026-08-22T19:57:32.955854,Prigioniero,3,mm_llm_close,0.1417
P08,2026-08-22T19:57:34.969634,Prigioniero,3,tts_http_request,2.0068
P08,2026-08-22T19:57:44.222443,Prigioniero,3,stt_transcription,0.4604
P08,2026-08-22T19:57:44.784554,Prigioniero,4,tts_http_request,0.4491
P08,2026-08-22T19:57:52.569644,Prigioniero,0,llm_ttft,0.427
P08,2026-08-22T19:57:54.127297,Prigioniero,0,tts_http_request,1.5295
P08,2026-08-22T19:57:54.376036,Prigioniero,0,llm_full,2.2341
P08,2026-08-22T19:57:55.051068,Prigioniero,0,tts_http_request,0.674
P08,2026-08-22T19:58:05.510250,Prigioniero,0,stt_transcription,0.3845
P08,2026-08-22T19:58:05.723837,Prigioniero,1,mm_llm_detect,0.0786
P08,2026-08-22T19:58:05.854340,Prigioniero,1,mm_llm_detect,0.13
P08,2026-08-22T19:58:06.086430,Prigioniero,1,mm_llm_clarify,0.2311
P08,2026-08-22T19:58:06.115453,Prigioniero,1,mm_llm_intent,0.028
P08,2026-08-22T19:58:06.368682,Prigioniero,1,mm_llm_intent,0.2535
P08,2026-08-22T19:58:09.032686,Prigioniero,1,tts_http_request,2.9444
P08,2026-08-22T19:58:19.265997,Prigioniero,1,stt_transcription,0.3665
P08,2026-08-22T19:58:19.468874,Prigioniero,2,mm_llm_detect,0.0657
P08,2026-08-22T19:58:19.615604,Prigioniero,2,mm_llm_detect,0.1466
P08,2026-08-22T19:58:19.834352,Prigioniero,2,mm_llm_clarify,0.2185
P08,2026-08-22T19:58:19.864876,Prigioniero,2,mm_llm_intent,0.0293
P08,2026-08-22T19:58:20.275468,Prigioniero,2,mm_llm_intent,0.4096
P08,2026-08-22T19:58:23.199135,Prigioniero,2,tts_http_request,3.3623
P08,2026-08-22T19:58:38.846518,Prigioniero,2,stt_transcription,0.4477
P08,2026-08-22T19:58:39.827442,Prigioniero,3,mm_llm_detect,0.0643
P08,2026-08-22T19:58:39.972585,Prigioniero,3,mm_llm_detect,0.1456
P08,2026-08-22T19:58:40.318319,Prigioniero,3,mm_llm_opening,0.3439
P08,2026-08-22T19:58:40.348361,Prigioniero,3,mm_llm_intent,0.0288
P08,2026-08-22T19:58:40.608623,Prigioniero,3,mm_llm_intent,0.2609
P08,2026-08-22T19:58:43.643352,Prigioniero,3,tts_http_request,3.3225
P08,2026-08-22T19:58:59.568003,Prigioniero,3,stt_transcription,0.3682
P08,2026-08-22T19:59:00.556760,Prigioniero,4,mm_llm_parse,0.0602
P08,2026-08-22T19:59:00.683934,Prigioniero,4,mm_llm_parse,0.1266
P08,2026-08-22T19:59:00.887754,Prigioniero,4,mm_llm_counter,0.2021
P08,2026-08-22T19:59:02.243958,Prigioniero,4,tts_http_request,1.3554
P08,2026-08-22T19:59:12.346163,Prigioniero,4,stt_transcription,0.4467
P08,2026-08-22T19:59:12.548842,Prigioniero,5,mm_llm_parse,0.0687
P08,2026-08-22T19:59:12.684452,Prigioniero,5,mm_llm_parse,0.1344
P08,2026-08-22T19:59:12.850733,Prigioniero,5,mm_llm_counter,0.166
P08,2026-08-22T19:59:15.297062,Prigioniero,5,tts_http_request,2.4452
P08,2026-08-22T19:59:28.783554,Prigioniero,5,stt_transcription,0.4343
P08,2026-08-22T19:59:29.775248,Prigioniero,6,mm_llm_parse,0.0697
P08,2026-08-22T19:59:30.021468,Prigioniero,6,mm_llm_parse,0.2464
P08,2026-08-22T19:59:30.221705,Prigioniero,6,mm_llm_counter,0.1991
P08,2026-08-22T19:59:32.590391,Prigioniero,6,tts_http_request,2.3676
P08,2026-08-22T19:59:44.065406,Prigioniero,6,stt_transcription,0.4454
P08,2026-08-22T19:59:44.262801,Prigioniero,7,mm_llm_parse,0.0728
P08,2026-08-22T19:59:44.426083,Prigioniero,7,mm_llm_parse,0.163
P08,2026-08-22T19:59:45.678405,Prigioniero,7,mm_llm_close,1.2512
P08,2026-08-22T19:59:47.873556,Prigioniero,7,tts_http_request,2.1883
P08,2026-08-22T20:00:03.408449,Prigioniero,7,stt_transcription,0.3813
P08,2026-08-22T20:00:04.849983,Prigioniero,8,tts_http_request,0.3777
P08,2026-08-22T20:00:39.387114,Prigioniero,0,llm_ttft,0.3865
P08,2026-08-22T20:00:42.200764,Prigioniero,0,tts_http_request,2.7852
P08,2026-08-22T20:00:42.477096,Prigioniero,0,llm_full,3.4769
P08,2026-08-22T20:00:44.519645,Prigioniero,0,tts_http_request,2.0414
P09,2026-08-22T20:03:57.734570,Prigioniero,0,llm_ttft,0.2156
P09,2026-08-22T20:03:59.972500,Prigioniero,0,tts_http_request,2.2108
P09,2026-08-22T20:04:00.225147,Prigioniero,0,llm_full,2.7069
P09,2026-08-22T20:04:00.658884,Prigioniero,0,tts_http_request,0.4324
P09,2026-08-22T20:04:14.888427,Prigioniero,0,stt_transcription,0.2231
P09,2026-08-22T20:04:15.088169,Prigioniero,1,mm_llm_detect,0.0667
P09,2026-08-22T20:04:15.274621,Prigioniero,1,mm_llm_detect,0.1853
P09,2026-08-22T20:04:15.471376,Prigioniero,1,mm_llm_opening,0.1962
P09,2026-08-22T20:04:15.500255,Prigioniero,1,mm_llm_intent,0.028
P09,2026-08-22T20:04:15.767152,Prigioniero,1,mm_llm_intent,0.2656
P09,2026-08-22T20:04:17.684773,Prigioniero,1,tts_http_request,2.2111
P09,2026-08-22T20:04:32.795285,Prigioniero,1,stt_transcription,0.4008
P09,2026-08-22T20:04:33.780397,Prigioniero,2,mm_llm_parse,0.0577
P09,2026-08-22T20:04:33.949217,Prigioniero,2,mm_llm_parse,0.1676
P09,2026-08-22T20:04:34.129743,Prigioniero,2,mm_llm_counter,0.1794
P09,2026-08-22T20:04:35.528578,Prigioniero,2,tts_http_request,1.3982
P09,2026-08-22T20:04:51.234377,Prigioniero,2,stt_transcription,0.4704
P09,2026-08-22T20:04:52.230829,Prigioniero,3,mm_llm_parse,0.0756
P09,2026-08-22T20:04:52.362443,Prigioniero,3,mm_llm_parse,0.1313
P09,2026-08-22T20:04:52.524403,Prigioniero,3,mm_llm_counter,0.1604
P09,2026-08-22T20:04:54.456894,Prigioniero,3,tts_http_request,1.9314
P09,2026-08-22T20:05:08.072859,Prigioniero,3,stt_transcription,0.408
P09,2026-08-22T20:05:09.081257,Prigioniero,4,mm_llm_parse,0.0798
P09,2026-08-22T20:05:09.250052,Prigioniero,4,mm_llm_parse,0.1681
P09,2026-08-22T20:05:09.388092,Prigioniero,4,mm_llm_close,0.1369
P09,2026-08-22T20:05:10.567228,Prigioniero,4,tts_http_request,1.1722
P09,2026-08-22T20:05:20.270616,Prigioniero,4,stt_transcription,0.3847
P09,2026-08-22T20:05:20.949488,Prigioniero,5,tts_http_request,0.5544
P09,2026-08-22T20:05:30.540409,Prigioniero,0,llm_ttft,0.3857
P09,2026-08-22T20:05:31.494064,Prigioniero,0,tts_http_request,0.9321
P09,2026-08-22T20:05:31.738005,Prigioniero,0,llm_full,1.5839
P09,2026-08-22T20:05:33.425861,Prigioniero,0,tts_http_request,1.6868
P09,2026-08-22T20:05:42.786280,Prigioniero,0,stt_transcription,0.5049
P09,2026-08-22T20:05:42.966468,Prigioniero,1,mm_llm_detect,0.0673
P09,2026-08-22T20:05:43.149248,Prigioniero,1,mm_llm_detect,0.1822
P09,2026-08-22T20:05:43.366871,Prigioniero,1,mm_llm_opening,0.2171
P09,2026-08-22T20:05:43.396896,Prigioniero,1,mm_llm_intent,0.028
P09,2026-08-22T20:05:43.680713,Prigioniero,1,mm_llm_intent,0.2839
P09,2026-08-22T20:05:45.715490,Prigioniero,1,tts_http_request,2.3456
P09,2026-08-22T20:06:02.501423,Prigioniero,1,stt_transcription,0.6718
P09,2026-08-22T20:06:03.498987,Prigioniero,2,mm_llm_parse,0.0668
P09,2026-08-22T20:06:03.672522,Prigioniero,2,mm_llm_parse,0.1729
P09,2026-08-22T20:06:05.324111,Prigioniero,2,mm_llm_close,1.6505
P09,2026-08-22T20:06:06.345718,Prigioniero,2,tts_http_request,1.0142
P09,2026-08-22T20:06:16.178050,Prigioniero,2,stt_transcription,0.4585
P09,2026-08-22T20:06:16.682273,Prigioniero,3,llm_ttft,0.3941
P09,2026-08-22T20:06:17.970902,Prigioniero,3,tts_http_request,1.27
P09,2026-08-22T20:06:18.222861,Prigioniero,3,llm_full,1.9353
P09,2026-08-22T20:06:20.072400,Prigioniero,3,tts_http_request,1.847
P09,2026-08-22T20:06:28.558987,Prigioniero,3,stt_transcription,0.4242
P09,2026-08-22T20:06:29.150463,Prigioniero,4,tts_http_request,0.4785
P09,2026-08-22T20:06:39.427633,Prigioniero,0,llm_ttft,0.4099
P09,2026-08-22T20:06:41.057243,Prigioniero,0,tts_http_request,1.5881
P09,2026-08-22T20:06:41.317622,Prigioniero,0,llm_full,2.3
P09,2026-08-22T20:06:53.480136,Prigioniero,0,stt_transcription,0.3852
P09,2026-08-22T20:06:54.485538,Prigioniero,1,mm_llm_detect,0.0691
P09,2026-08-22T20:06:55.657664,Prigioniero,1,mm_llm_detect,1.1726
P09,2026-08-22T20:06:56.080439,Prigioniero,1,mm_llm_opening,0.4204
P09,2026-08-22T20:06:56.108476,Prigioniero,1,mm_llm_intent,0.0274
P09,2026-08-22T20:06:56.375311,Prigioniero,1,mm_llm_intent,0.2659
P09,2026-08-22T20:06:57.821807,Prigioniero,1,tts_http_request,1.7391
P09,2026-08-22T20:07:11.049678,Prigioniero,1,stt_transcription,0.3885
P09,2026-08-22T20:07:12.035983,Prigioniero,2,mm_llm_parse,0.0612
P09,2026-08-22T20:07:12.213574,Prigioniero,2,mm_llm_parse,0.1764
P09,2026-08-22T20:07:12.407835,Prigioniero,2,mm_llm_counter,0.1937
P09,2026-08-22T20:07:13.466729,Prigioniero,2,tts_http_request,1.0578
P09,2026-08-22T20:07:23.144839,Prigioniero,2,stt_transcription,0.4534
P09,2026-08-22T20:07:23.339354,Prigioniero,3,mm_llm_parse,0.0783
P09,2026-08-22T20:07:23.534521,Prigioniero,3,mm_llm_parse,0.1959
P09,2026-08-22T20:07:23.731664,Prigioniero,3,mm_llm_counter,0.195
P09,2026-08-22T20:07:25.273304,Prigioniero,3,tts_http_request,1.5401
P09,2026-08-22T20:07:38.557195,Prigioniero,3,stt_transcription,0.4616
P09,2026-08-22T20:07:39.552963,Prigioniero,4,mm_llm_parse,0.0736
P09,2026-08-22T20:07:39.722441,Prigioniero,4,mm_llm_parse,0.1687
P09,2026-08-22T20:07:40.342518,Prigioniero,4,mm_llm_counter,0.6192
P09,2026-08-22T20:07:42.354578,Prigioniero,4,tts_http_request,2.0099
P09,2026-08-22T20:07:55.674636,Prigioniero,4,stt_transcription,0.4585
P09,2026-08-22T20:07:56.675515,Prigioniero,5,mm_llm_parse,0.0801
P09,2026-08-22T20:07:57.112580,Prigioniero,5,mm_llm_parse,0.4362
P09,2026-08-22T20:07:58.074636,Prigioniero,5,mm_llm_counter,0.9611
P09,2026-08-22T20:07:58.822760,Prigioniero,5,tts_http_request,0.7467
P09,2026-08-22T20:08:07.701650,Prigioniero,5,stt_transcription,0.3849
P09,2026-08-22T20:08:07.894465,Prigioniero,6,mm_llm_parse,0.0684
P09,2026-08-22T20:08:08.648404,Prigioniero,6,mm_llm_parse,0.7533
P09,2026-08-22T20:08:08.907393,Prigioniero,6,mm_llm_counter,0.2582
P09,2026-08-22T20:08:10.073131,Prigioniero,6,tts_http_request,1.1646
P09,2026-08-22T20:08:19.543344,Prigioniero,6,stt_transcription,0.4617
P09,2026-08-22T20:08:19.726087,Prigioniero,7,mm_llm_parse,0.0753
P09,2026-08-22T20:08:19.859797,Prigioniero,7,mm_llm_parse,0.1334
P09,2026-08-22T20:08:20.019286,Prigioniero,7,mm_llm_close,0.1587
P09,2026-08-22T20:08:21.416323,Prigioniero,7,tts_http_request,1.3932
P09,2026-08-22T20:08:32.384038,Prigioniero,7,stt_transcription,0.4411
P09,2026-08-22T20:08:32.962878,Prigioniero,8,llm_ttft,0.45
P09,2026-08-22T20:08:33.712184,Prigioniero,8,tts_http_request,0.7374
P09,2026-08-22T20:08:33.951700,Prigioniero,8,llm_full,1.4389
P09,2026-08-22T20:08:34.728590,Prigioniero,8,tts_http_request,0.775
P09,2026-08-22T20:08:46.539144,Prigioniero,8,stt_transcription,0.4601
P09,2026-08-22T20:08:47.125062,Prigioniero,9,llm_ttft,0.4754
P09,2026-08-22T20:08:47.872239,Prigioniero,9,tts_http_request,0.7263
P09,2026-08-22T20:08:48.121042,Prigioniero,9,llm_full,1.472
P09,2026-08-22T20:08:48.846453,Prigioniero,9,tts_http_request,0.7241
P09,2026-08-22T20:08:59.908284,Prigioniero,9,stt_transcription,0.4629
P09,2026-08-22T20:09:00.463309,Prigioniero,10,llm_ttft,0.4367
P09,2026-08-22T20:09:01.218685,Prigioniero,10,tts_http_request,0.7387
P09,2026-08-22T20:09:01.455457,Prigioniero,10,llm_full,1.4292
P09,2026-08-22T20:09:02.047661,Prigioniero,10,tts_http_request,0.5905
P09,2026-08-22T20:09:14.677697,Prigioniero,10,stt_transcription,0.5262
P09,2026-08-22T20:09:15.246503,Prigioniero,11,llm_ttft,0.4591
P09,2026-08-22T20:09:16.170269,Prigioniero,11,tts_http_request,0.8982
P09,2026-08-22T20:09:16.416986,Prigioniero,11,llm_full,1.629
P09,2026-08-22T20:09:16.780068,Prigioniero,11,tts_http_request,0.3622
P09,2026-08-22T20:09:26.343896,Prigioniero,11,stt_transcription,0.4736
P09,2026-08-22T20:09:26.813311,Prigioniero,12,tts_http_request,0.3465
P10,2026-08-22T20:16:52.081835,Prigioniero,0,llm_ttft,0.2545
P10,2026-08-22T20:16:53.723905,Prigioniero,0,tts_http_request,1.6303
P10,2026-08-22T20:16:53.973597,Prigioniero,0,llm_full,2.1466
P10,2026-08-22T20:16:54.562132,Prigioniero,0,tts_http_request,0.5872
P10,2026-08-22T20:17:06.168519,Prigioniero,0,stt_transcription,0.2992
P10,2026-08-22T20:17:06.363580,Prigioniero,1,mm_llm_detect,0.0743
P10,2026-08-22T20:17:06.537757,Prigioniero,1,mm_llm_detect,0.1739
P10,2026-08-22T20:17:06.740507,Prigioniero,1,mm_llm_opening,0.2029
P10,2026-08-22T20:17:06.770932,Prigioniero,1,mm_llm_intent,0.0284
P10,2026-08-22T20:17:07.027122,Prigioniero,1,mm_llm_intent,0.2554
P10,2026-08-22T20:17:09.358891,Prigioniero,1,tts_http_request,2.6153
P10,2026-08-22T20:17:28.523870,Prigioniero,1,stt_transcription,0.4726
P10,2026-08-22T20:17:29.499564,Prigioniero,2,mm_llm_parse,0.0668
P10,2026-08-22T20:17:29.664685,Prigioniero,2,mm_llm_parse,0.1644
P10,2026-08-22T20:17:29.846838,Prigioniero,2,mm_llm_counter,0.1805
P10,2026-08-22T20:17:31.343145,Prigioniero,2,tts_http_request,1.4935
P10,2026-08-22T20:17:42.034046,Prigioniero,2,stt_transcription,0.4427
P10,2026-08-22T20:17:42.235119,Prigioniero,3,mm_llm_parse,0.0737
P10,2026-08-22T20:17:42.402092,Prigioniero,3,mm_llm_parse,0.1671
P10,2026-08-22T20:17:42.606428,Prigioniero,3,mm_llm_close,0.2031
P10,2026-08-22T20:17:44.736720,Prigioniero,3,tts_http_request,2.1253
P10,2026-08-22T20:17:56.904885,Prigioniero,3,stt_transcription,0.4578
P10,2026-08-22T20:17:58.368916,Prigioniero,4,tts_http_request,0.4234
P10,2026-08-22T20:18:08.807126,Prigioniero,0,llm_ttft,0.4152
P10,2026-08-22T20:18:11.669811,Prigioniero,0,tts_http_request,2.7944
P10,2026-08-22T20:18:11.948656,Prigioniero,0,llm_full,3.5573
P10,2026-08-22T20:18:12.654776,Prigioniero,0,tts_http_request,0.7055
P10,2026-08-22T20:18:27.706355,Prigioniero,0,stt_transcription,0.3959
P10,2026-08-22T20:18:27.905619,Prigioniero,1,mm_llm_detect,0.0627
P10,2026-08-22T20:18:28.090808,Prigioniero,1,mm_llm_detect,0.1846
P10,2026-08-22T20:18:28.261251,Prigioniero,1,mm_llm_opening,0.169
P10,2026-08-22T20:18:28.289420,Prigioniero,1,mm_llm_intent,0.0273
P10,2026-08-22T20:18:28.551076,Prigioniero,1,mm_llm_intent,0.2609
P10,2026-08-22T20:18:30.093203,Prigioniero,1,tts_http_request,1.8302
P10,2026-08-22T20:18:45.598409,Prigioniero,1,stt_transcription,0.4039
P10,2026-08-22T20:18:46.582595,Prigioniero,2,mm_llm_parse,0.0704
P10,2026-08-22T20:18:46.713894,Prigioniero,2,mm_llm_parse,0.1318
P10,2026-08-22T20:18:46.899370,Prigioniero,2,mm_llm_counter,0.1842
P10,2026-08-22T20:18:47.987487,Prigioniero,2,tts_http_request,1.0862
P10,2026-08-22T20:19:01.873168,Prigioniero,2,stt_transcription,0.4882
P10,2026-08-22T20:19:02.866667,Prigioniero,3,mm_llm_parse,0.0766
P10,2026-08-22T20:19:02.999830,Prigioniero,3,mm_llm_parse,0.1332
P10,2026-08-22T20:19:03.227523,Prigioniero,3,mm_llm_counter,0.2263
P10,2026-08-22T20:19:04.784400,Prigioniero,3,tts_http_request,1.5556
P10,2026-08-22T20:19:18.247131,Prigioniero,3,stt_transcription,0.3816
P10,2026-08-22T20:19:19.236799,Prigioniero,4,mm_llm_parse,0.0742
P10,2026-08-22T20:19:22.230532,Prigioniero,4,mm_llm_parse,2.994
P10,2026-08-22T20:19:22.442060,Prigioniero,4,mm_llm_counter,0.2094
P10,2026-08-22T20:19:24.362815,Prigioniero,4,tts_http_request,1.9189
P10,2026-08-22T20:19:35.520479,Prigioniero,4,stt_transcription,0.3748
P10,2026-08-22T20:19:35.725829,Prigioniero,5,mm_llm_parse,0.0698
P10,2026-08-22T20:19:35.892854,Prigioniero,5,mm_llm_parse,0.1666
P10,2026-08-22T20:19:36.081853,Prigioniero,5,mm_llm_counter,0.1876
P10,2026-08-22T20:19:37.282385,Prigioniero,5,tts_http_request,1.2
P10,2026-08-22T20:19:45.560169,Prigioniero,5,stt_transcription,0.4482
P10,2026-08-22T20:19:45.763949,Prigioniero,6,mm_llm_parse,0.0684
P10,2026-08-22T20:19:45.928399,Prigioniero,6,mm_llm_parse,0.1645
P10,2026-08-22T20:19:46.148216,Prigioniero,6,mm_llm_counter,0.2185
P10,2026-08-22T20:19:48.068942,Prigioniero,6,tts_http_request,1.919
P10,2026-08-22T20:19:59.886145,Prigioniero,6,stt_transcription,0.4468
P10,2026-08-22T20:20:00.875623,Prigioniero,7,mm_llm_parse,0.0775
P10,2026-08-22T20:20:01.036756,Prigioniero,7,mm_llm_parse,0.1613
P10,2026-08-22T20:20:01.240988,Prigioniero,7,mm_llm_close,0.2028
P10,2026-08-22T20:20:02.603255,Prigioniero,7,tts_http_request,1.3563
P10,2026-08-22T20:20:11.278746,Prigioniero,7,stt_transcription,0.4492
P10,2026-08-22T20:20:11.832529,Prigioniero,8,tts_http_request,0.4227
P10,2026-08-22T20:20:20.159448,Prigioniero,0,llm_ttft,0.3782
P10,2026-08-22T20:20:21.050933,Prigioniero,0,tts_http_request,0.8647
P10,2026-08-22T20:20:21.326819,Prigioniero,0,llm_full,1.5453
P10,2026-08-22T20:20:23.922545,Prigioniero,0,tts_http_request,2.5948
P10,2026-08-22T20:20:42.013782,Prigioniero,0,stt_transcription,0.4713
P10,2026-08-22T20:20:43.009630,Prigioniero,1,mm_llm_detect,0.0706
P10,2026-08-22T20:20:43.188563,Prigioniero,1,mm_llm_detect,0.1791
P10,2026-08-22T20:20:43.344094,Prigioniero,1,mm_llm_opening,0.155
P10,2026-08-22T20:20:43.376644,Prigioniero,1,mm_llm_intent,0.0307
P10,2026-08-22T20:20:43.636645,Prigioniero,1,mm_llm_intent,0.26
P10,2026-08-22T20:20:45.077878,Prigioniero,1,tts_http_request,1.7309
P10,2026-08-22T20:20:56.124172,Prigioniero,1,stt_transcription,0.4704
P10,2026-08-22T20:20:56.349854,Prigioniero,2,mm_llm_parse,0.0896
P10,2026-08-22T20:20:56.516723,Prigioniero,2,mm_llm_parse,0.1668
P10,2026-08-22T20:20:56.710653,Prigioniero,2,mm_llm_counter,0.1922
P10,2026-08-22T20:20:58.629475,Prigioniero,2,tts_http_request,1.9166
P10,2026-08-22T20:21:10.658906,Prigioniero,2,stt_transcription,0.3969
P10,2026-08-22T20:21:11.643701,Prigioniero,3,mm_llm_parse,0.0667
P10,2026-08-22T20:21:12.014762,Prigioniero,3,mm_llm_parse,0.3706
P10,2026-08-22T20:21:12.207101,Prigioniero,3,mm_llm_counter,0.192
P10,2026-08-22T20:21:13.872900,Prigioniero,3,tts_http_request,1.6645
P10,2026-08-22T20:21:28.639546,Prigioniero,3,stt_transcription,0.4575
P10,2026-08-22T20:21:29.617760,Prigioniero,4,mm_llm_parse,0.0642
P10,2026-08-22T20:21:29.787646,Prigioniero,4,mm_llm_parse,0.1692
P10,2026-08-22T20:21:29.970724,Prigioniero,4,mm_llm_close,0.1819
P10,2026-08-22T20:21:31.089707,Prigioniero,4,tts_http_request,1.1143
P10,2026-08-22T20:21:40.509869,Prigioniero,4,stt_transcription,0.3873
P10,2026-08-22T20:21:40.984733,Prigioniero,5,tts_http_request,0.363
P11,2026-08-23T14:20:11.089225,Prigioniero,0,llm_ttft,0.2386
P11,2026-08-23T14:20:14.339671,Prigioniero,0,tts_http_request,3.2273
P11,2026-08-23T14:20:14.599307,Prigioniero,0,llm_full,3.7487
P11,2026-08-23T14:20:15.194041,Prigioniero,0,tts_http_request,0.5938
P11,2026-08-23T14:20:26.962784,Prigioniero,0,stt_transcription,0.2244
P11,2026-08-23T14:20:27.173591,Prigioniero,1,mm_llm_detect,0.0765
P11,2026-08-23T14:20:27.502266,Prigioniero,1,mm_llm_detect,0.3281
P11,2026-08-23T14:20:27.766328,Prigioniero,1,mm_llm_clarify,0.2638
P11,2026-08-23T14:20:27.795438,Prigioniero,1,mm_llm_intent,0.0277
P11,2026-08-23T14:20:28.016818,Prigioniero,1,mm_llm_intent,0.2208
P11,2026-08-23T14:20:30.576921,Prigioniero,1,tts_http_request,2.8078
P11,2026-08-23T14:20:47.851264,Prigioniero,1,stt_transcription,0.4614
P11,2026-08-23T14:20:48.865129,Prigioniero,2,mm_llm_detect,0.0751
P11,2026-08-23T14:20:49.032318,Prigioniero,2,mm_llm_detect,0.1668
P11,2026-08-23T14:20:49.252484,Prigioniero,2,mm_llm_clarify,0.2192
P11,2026-08-23T14:20:49.280608,Prigioniero,2,mm_llm_intent,0.0277
P11,2026-08-23T14:20:49.542210,Prigioniero,2,mm_llm_intent,0.2609
P11,2026-08-23T14:20:53.006714,Prigioniero,2,tts_http_request,3.7527
P11,2026-08-23T14:21:11.143863,Prigioniero,2,stt_transcription,0.4543
P11,2026-08-23T14:21:12.139464,Prigioniero,3,mm_llm_detect,0.064
P11,2026-08-23T14:21:12.285595,Prigioniero,3,mm_llm_detect,0.1448
P11,2026-08-23T14:21:12.484757,Prigioniero,3,mm_llm_opening,0.1989
P11,2026-08-23T14:21:12.513936,Prigioniero,3,mm_llm_intent,0.0279
P11,2026-08-23T14:21:12.797246,Prigioniero,3,mm_llm_intent,0.2827
P11,2026-08-23T14:21:14.825046,Prigioniero,3,tts_http_request,2.3371
P11,2026-08-23T14:21:31.712316,Prigioniero,3,stt_transcription,0.4514
P11,2026-08-23T14:21:32.696485,Prigioniero,4,mm_llm_parse,0.0701
P11,2026-08-23T14:21:34.275869,Prigioniero,4,mm_llm_parse,1.5791
P11,2026-08-23T14:21:34.485585,Prigioniero,4,mm_llm_counter,0.2087
P11,2026-08-23T14:21:36.499896,Prigioniero,4,tts_http_request,2.0095
P11,2026-08-23T14:21:52.259028,Prigioniero,4,stt_transcription,0.4486
P11,2026-08-23T14:21:53.264060,Prigioniero,5,mm_llm_parse,0.0695
P11,2026-08-23T14:21:53.393983,Prigioniero,5,mm_llm_parse,0.1298
P11,2026-08-23T14:21:54.794008,Prigioniero,5,mm_llm_counter,1.3996
P11,2026-08-23T14:21:56.030400,Prigioniero,5,tts_http_request,1.2351
P11,2026-08-23T14:22:08.010792,Prigioniero,5,stt_transcription,0.4605
P11,2026-08-23T14:22:09.034505,Prigioniero,6,mm_llm_parse,0.0773
P11,2026-08-23T14:22:09.164038,Prigioniero,6,mm_llm_parse,0.1288
P11,2026-08-23T14:22:09.317039,Prigioniero,6,mm_llm_close,0.1522
P11,2026-08-23T14:22:10.689872,Prigioniero,6,tts_http_request,1.3648
P11,2026-08-23T14:22:20.241218,Prigioniero,6,stt_transcription,0.3705
P11,2026-08-23T14:22:20.709668,Prigioniero,7,tts_http_request,0.3584
P11,2026-08-23T14:22:28.027666,Prigioniero,0,llm_ttft,0.4178
P11,2026-08-23T14:22:29.386145,Prigioniero,0,tts_http_request,1.3081
P11,2026-08-23T14:22:29.644123,Prigioniero,0,llm_full,2.035
P11,2026-08-23T14:22:30.239566,Prigioniero,0,tts_http_request,0.5945
P11,2026-08-23T14:22:43.042615,Prigioniero,0,stt_transcription,0.3912
P11,2026-08-23T14:22:43.231754,Prigioniero,1,mm_llm_detect,0.0654
P11,2026-08-23T14:22:43.408861,Prigioniero,1,mm_llm_detect,0.1767
P11,2026-08-23T14:22:43.631513,Prigioniero,1,mm_llm_clarify,0.2219
P11,2026-08-23T14:22:43.659955,Prigioniero,1,mm_llm_intent,0.027
P11,2026-08-23T14:22:43.987821,Prigioniero,1,mm_llm_intent,0.328
P11,2026-08-23T14:22:46.572426,Prigioniero,1,tts_http_request,2.9384
P11,2026-08-23T14:23:02.356488,Prigioniero,1,stt_transcription,0.4375
P11,2026-08-23T14:23:03.342174,Prigioniero,2,mm_llm_detect,0.0528
P11,2026-08-23T14:23:03.938569,Prigioniero,2,mm_llm_detect,0.5963
P11,2026-08-23T14:23:04.118581,Prigioniero,2,mm_llm_clarify,0.1796
P11,2026-08-23T14:23:04.146792,Prigioniero,2,mm_llm_intent,0.027
P11,2026-08-23T14:23:04.408636,Prigioniero,2,mm_llm_intent,0.2619
P11,2026-08-23T14:23:06.728921,Prigioniero,2,tts_http_request,2.6073
P11,2026-08-23T14:23:26.674066,Prigioniero,2,stt_transcription,0.3742
P11,2026-08-23T14:23:27.706162,Prigioniero,3,mm_llm_detect,0.0805
P11,2026-08-23T14:23:27.909013,Prigioniero,3,mm_llm_detect,0.2035
P11,2026-08-23T14:23:28.062724,Prigioniero,3,mm_llm_opening,0.1523
P11,2026-08-23T14:23:28.091481,Prigioniero,3,mm_llm_intent,0.028
P11,2026-08-23T14:23:28.314021,Prigioniero,3,mm_llm_intent,0.2221
P11,2026-08-23T14:23:29.681706,Prigioniero,3,tts_http_request,1.6164
P11,2026-08-23T14:23:42.914435,Prigioniero,3,stt_transcription,0.4847
P11,2026-08-23T14:23:43.915533,Prigioniero,4,mm_llm_parse,0.0618
P11,2026-08-23T14:23:44.093483,Prigioniero,4,mm_llm_parse,0.1773
P11,2026-08-23T14:23:44.249654,Prigioniero,4,mm_llm_counter,0.1561
P11,2026-08-23T14:23:45.525548,Prigioniero,4,tts_http_request,1.2731
P11,2026-08-23T14:23:59.766827,Prigioniero,4,stt_transcription,0.4765
P11,2026-08-23T14:24:00.816942,Prigioniero,5,mm_llm_parse,0.0651
P11,2026-08-23T14:24:01.561304,Prigioniero,5,mm_llm_parse,0.7444
P11,2026-08-23T14:24:01.749902,Prigioniero,5,mm_llm_counter,0.1881
P11,2026-08-23T14:24:03.420519,Prigioniero,5,tts_http_request,1.6684
P11,2026-08-23T14:24:18.057621,Prigioniero,5,stt_transcription,0.3966
P11,2026-08-23T14:24:19.080332,Prigioniero,6,mm_llm_parse,0.0804
P11,2026-08-23T14:24:19.251780,Prigioniero,6,mm_llm_parse,0.1704
P11,2026-08-23T14:24:19.422945,Prigioniero,6,mm_llm_close,0.1702
P11,2026-08-23T14:24:20.540273,Prigioniero,6,tts_http_request,1.1117
P11,2026-08-23T14:24:29.253280,Prigioniero,6,stt_transcription,0.4521
P11,2026-08-23T14:24:29.704362,Prigioniero,7,tts_http_request,0.3341
P11,2026-08-23T14:24:43.842196,Prigioniero,0,llm_ttft,0.3575
P11,2026-08-23T14:24:44.507419,Prigioniero,0,tts_http_request,0.6516
P11,2026-08-23T14:24:44.743917,Prigioniero,0,llm_full,1.259
P11,2026-08-23T14:24:45.350525,Prigioniero,0,tts_http_request,0.6053
P11,2026-08-23T14:24:55.949373,Prigioniero,0,stt_transcription,0.4475
P11,2026-08-23T14:24:56.155999,Prigioniero,1,mm_llm_detect,0.0768
P11,2026-08-23T14:24:56.815385,Prigioniero,1,mm_llm_detect,0.6598
P11,2026-08-23T14:24:56.969575,Prigioniero,1,mm_llm_clarify,0.1534
P11,2026-08-23T14:24:57.003106,Prigioniero,1,mm_llm_intent,0.0321
P11,2026-08-23T14:24:57.228325,Prigioniero,1,mm_llm_intent,0.2252
P11,2026-08-23T14:25:01.063191,Prigioniero,1,tts_http_request,4.091
P11,2026-08-23T14:25:11.517017,Prigioniero,1,stt_transcription,0.3671
P11,2026-08-23T14:25:11.690955,Prigioniero,2,mm_llm_detect,0.0619
P11,2026-08-23T14:25:12.008743,Prigioniero,2,mm_llm_detect,0.3172
P11,2026-08-23T14:25:12.183753,Prigioniero,2,mm_llm_clarify,0.1739
P11,2026-08-23T14:25:12.211285,Prigioniero,2,mm_llm_intent,0.0273
P11,2026-08-23T14:25:12.468638,Prigioniero,2,mm_llm_intent,0.2566
P11,2026-08-23T14:25:13.722828,Prigioniero,2,tts_http_request,1.5374
P11,2026-08-23T14:25:23.033977,Prigioniero,2,stt_transcription,0.367
P11,2026-08-23T14:25:23.219121,Prigioniero,3,mm_llm_detect,0.0539
P11,2026-08-23T14:25:23.357055,Prigioniero,3,mm_llm_detect,0.1374
P11,2026-08-23T14:25:23.520286,Prigioniero,3,mm_llm_opening,0.1623
P11,2026-08-23T14:25:23.548792,Prigioniero,3,mm_llm_intent,0.0274
P11,2026-08-23T14:25:23.810742,Prigioniero,3,mm_llm_intent,0.2623
P11,2026-08-23T14:25:25.933676,Prigioniero,3,tts_http_request,2.4113
P11,2026-08-23T14:25:51.004561,Prigioniero,3,stt_transcription,0.5065
P11,2026-08-23T14:25:51.991542,Prigioniero,4,mm_llm_parse,0.0609
P11,2026-08-23T14:25:52.515223,Prigioniero,4,mm_llm_parse,0.5239
P11,2026-08-23T14:25:52.666848,Prigioniero,4,mm_llm_counter,0.1504
P11,2026-08-23T14:25:54.271616,Prigioniero,4,tts_http_request,1.6036
P11,2026-08-23T14:26:11.930829,Prigioniero,4,stt_transcription,0.4722
P11,2026-08-23T14:26:12.917257,Prigioniero,5,mm_llm_parse,0.0703
P11,2026-08-23T14:26:13.185994,Prigioniero,5,mm_llm_parse,0.2686
P11,2026-08-23T14:26:13.388354,Prigioniero,5,mm_llm_counter,0.2018
P11,2026-08-23T14:26:14.785262,Prigioniero,5,tts_http_request,1.3943
P11,2026-08-23T14:26:28.367426,Prigioniero,5,stt_transcription,0.4575
P11,2026-08-23T14:26:29.368884,Prigioniero,6,mm_llm_parse,0.0748
P11,2026-08-23T14:26:29.535614,Prigioniero,6,mm_llm_parse,0.1665
P11,2026-08-23T14:26:29.699047,Prigioniero,6,mm_llm_close,0.1627
P11,2026-08-23T14:26:31.687252,Prigioniero,6,tts_http_request,1.9807
P11,2026-08-23T14:26:42.045552,Prigioniero,6,stt_transcription,0.4455
P11,2026-08-23T14:26:42.599184,Prigioniero,7,tts_http_request,0.4303
P12,2026-08-23T14:30:14.339404,Prigioniero,0,llm_ttft,0.232
P12,2026-08-23T14:30:17.353036,Prigioniero,0,tts_http_request,2.9735
P12,2026-08-23T14:30:17.627438,Prigioniero,0,llm_full,3.5201
P12,2026-08-23T14:30:19.081467,Prigioniero,0,tts_http_request,1.4523
P12,2026-08-23T14:30:34.972872,Prigioniero,0,stt_transcription,0.215
P12,2026-08-23T14:30:35.145223,Prigioniero,1,mm_llm_detect,0.0614
P12,2026-08-23T14:30:35.268880,Prigioniero,1,mm_llm_detect,0.1243
P12,2026-08-23T14:30:35.461781,Prigioniero,1,mm_llm_clarify,0.1911
P12,2026-08-23T14:30:35.488839,Prigioniero,1,mm_llm_intent,0.0266
P12,2026-08-23T14:30:35.920555,Prigioniero,1,mm_llm_intent,0.4315
P12,2026-08-23T14:30:39.753353,Prigioniero,1,tts_http_request,4.29
P12,2026-08-23T14:31:05.718087,Prigioniero,1,stt_transcription,0.4658
P12,2026-08-23T14:31:06.712715,Prigioniero,2,mm_llm_detect,0.0721
P12,2026-08-23T14:31:07.076215,Prigioniero,2,mm_llm_detect,0.3629
P12,2026-08-23T14:31:07.227930,Prigioniero,2,mm_llm_opening,0.1504
P12,2026-08-23T14:31:07.258996,Prigioniero,2,mm_llm_intent,0.03
P12,2026-08-23T14:31:08.075150,Prigioniero,2,mm_llm_intent,0.8161
P12,2026-08-23T14:31:08.979178,Prigioniero,2,tts_http_request,1.7492
P12,2026-08-23T14:31:23.622946,Prigioniero,2,stt_transcription,0.451
P12,2026-08-23T14:31:24.601124,Prigioniero,3,mm_llm_parse,0.0617
P12,2026-08-23T14:31:25.628463,Prigioniero,3,mm_llm_parse,1.0273
P12,2026-08-23T14:31:25.820203,Prigioniero,3,mm_llm_counter,0.1899
P12,2026-08-23T14:31:27.130694,Prigioniero,3,tts_http_request,1.308
P12,2026-08-23T14:31:38.264666,Prigioniero,3,stt_transcription,0.4616
P12,2026-08-23T14:31:38.441813,Prigioniero,4,mm_llm_parse,0.0691
P12,2026-08-23T14:31:38.568949,Prigioniero,4,mm_llm_parse,0.127
P12,2026-08-23T14:31:38.860584,Prigioniero,4,mm_llm_close,0.2899
P12,2026-08-23T14:31:39.787299,Prigioniero,4,tts_http_request,0.9212
P12,2026-08-23T14:31:47.851947,Prigioniero,4,stt_transcription,0.3582
P12,2026-08-23T14:31:48.368517,Prigioniero,5,tts_http_request,0.3941
P12,2026-08-23T14:32:00.501536,Prigioniero,0,llm_ttft,0.3857
P12,2026-08-23T14:32:01.146251,Prigioniero,0,tts_http_request,0.6217
P12,2026-08-23T14:32:01.385179,Prigioniero,0,llm_full,1.269
P12,2026-08-23T14:32:02.041952,Prigioniero,0,tts_http_request,0.6558
P12,2026-08-23T14:32:14.446236,Prigioniero,0,stt_transcription,0.4802
P12,2026-08-23T14:32:14.641906,Prigioniero,1,mm_llm_detect,0.0588
P12,2026-08-23T14:32:14.811135,Prigioniero,1,mm_llm_detect,0.1693
P12,2026-08-23T14:32:14.992453,Prigioniero,1,mm_llm_clarify,0.1808
P12,2026-08-23T14:32:15.023573,Prigioniero,1,mm_llm_intent,0.0301
P12,2026-08-23T14:32:15.279226,Prigioniero,1,mm_llm_intent,0.2551
P12,2026-08-23T14:32:17.596078,Prigioniero,1,tts_http_request,2.6005
P12,2026-08-23T14:32:36.807022,Prigioniero,1,stt_transcription,0.404
P12,2026-08-23T14:32:37.801891,Prigioniero,2,mm_llm_detect,0.0669
P12,2026-08-23T14:32:39.004603,Prigioniero,2,mm_llm_detect,1.2031
P12,2026-08-23T14:32:39.241162,Prigioniero,2,mm_llm_opening,0.2355
P12,2026-08-23T14:32:39.269700,Prigioniero,2,mm_llm_intent,0.0266
P12,2026-08-23T14:32:39.529801,Prigioniero,2,mm_llm_intent,0.26
P12,2026-08-23T14:32:42.677425,Prigioniero,2,tts_http_request,3.4335
P12,2026-08-23T14:33:07.107907,Prigioniero,2,stt_transcription,0.4643
P12,2026-08-23T14:33:08.076695,Prigioniero,3,mm_llm_parse,0.0502
P12,2026-08-23T14:33:08.255385,Prigioniero,3,mm_llm_parse,0.178
P12,2026-08-23T14:33:08.432985,Prigioniero,3,mm_llm_close,0.1771
P12,2026-08-23T14:33:09.632947,Prigioniero,3,tts_http_request,1.1952
P12,2026-08-23T14:33:18.195537,Prigioniero,3,stt_transcription,0.4526
P12,2026-08-23T14:33:18.698586,Prigioniero,4,llm_ttft,0.3865
P12,2026-08-23T14:33:19.378603,Prigioniero,4,tts_http_request,0.66
P12,2026-08-23T14:33:19.613433,Prigioniero,4,llm_full,1.3018
P12,2026-08-23T14:33:20.515005,Prigioniero,4,tts_http_request,0.8998
P12,2026-08-23T14:33:28.460528,Prigioniero,4,stt_transcription,0.3602
P12,2026-08-23T14:33:28.905865,Prigioniero,5,tts_http_request,0.3384
P12,2026-08-23T14:33:38.266452,Prigioniero,0,llm_ttft,0.3993
P12,2026-08-23T14:33:39.804925,Prigioniero,0,tts_http_request,1.5031
P12,2026-08-23T14:33:40.067582,Prigioniero,0,llm_full,2.2007
P12,2026-08-23T14:33:40.928136,Prigioniero,0,tts_http_request,0.8587
P12,2026-08-23T14:33:59.897927,Prigioniero,0,stt_transcription,0.4661
P12,2026-08-23T14:34:00.898066,Prigioniero,1,mm_llm_detect,0.0713
P12,2026-08-23T14:34:01.076632,Prigioniero,1,mm_llm_detect,0.1777
P12,2026-08-23T14:34:01.279793,Prigioniero,1,mm_llm_opening,0.2022
P12,2026-08-23T14:34:01.307314,Prigioniero,1,mm_llm_intent,0.027
P12,2026-08-23T14:34:01.562452,Prigioniero,1,mm_llm_intent,0.2541
P12,2026-08-23T14:34:03.369416,Prigioniero,1,tts_http_request,2.087
P12,2026-08-23T14:34:17.949438,Prigioniero,1,stt_transcription,0.4679
P12,2026-08-23T14:34:18.951568,Prigioniero,2,mm_llm_parse,0.0652
P12,2026-08-23T14:34:19.081100,Prigioniero,2,mm_llm_parse,0.1286
P12,2026-08-23T14:34:19.225674,Prigioniero,2,mm_llm_counter,0.144
P12,2026-08-23T14:34:20.147429,Prigioniero,2,tts_http_request,0.9202
P12,2026-08-23T14:34:34.718149,Prigioniero,2,stt_transcription,0.476
P12,2026-08-23T14:34:35.701871,Prigioniero,3,mm_llm_parse,0.0687
P12,2026-08-23T14:34:35.881518,Prigioniero,3,mm_llm_parse,0.179
P12,2026-08-23T14:34:36.060099,Prigioniero,3,mm_llm_close,0.1778
P12,2026-08-23T14:34:37.508108,Prigioniero,3,tts_http_request,1.4425
P12,2026-08-23T14:34:47.479392,Prigioniero,3,stt_transcription,0.4364
P12,2026-08-23T14:34:47.987411,Prigioniero,4,tts_http_request,0.3653
P13,2026-08-23T14:37:24.130664,Prigioniero,0,llm_ttft,0.3223
P13,2026-08-23T14:37:26.493047,Prigioniero,0,tts_http_request,2.3286
P13,2026-08-23T14:37:26.750166,Prigioniero,0,llm_full,2.9416
P13,2026-08-23T14:37:27.803560,Prigioniero,0,tts_http_request,1.0519
P13,2026-08-23T14:37:46.698404,Prigioniero,0,stt_transcription,0.2511
P13,2026-08-23T14:37:47.690414,Prigioniero,1,mm_llm_detect,0.068
P13,2026-08-23T14:37:47.872074,Prigioniero,1,mm_llm_detect,0.1821
P13,2026-08-23T14:37:48.073078,Prigioniero,1,mm_llm_opening,0.1991
P13,2026-08-23T14:37:48.102955,Prigioniero,1,mm_llm_intent,0.0296
P13,2026-08-23T14:37:48.372087,Prigioniero,1,mm_llm_intent,0.2674
P13,2026-08-23T14:37:50.201216,Prigioniero,1,tts_http_request,2.1267
P13,2026-08-23T14:38:09.052847,Prigioniero,1,stt_transcription,0.4947
P13,2026-08-23T14:38:10.037554,Prigioniero,2,mm_llm_parse,0.0703
P13,2026-08-23T14:38:10.181316,Prigioniero,2,mm_llm_parse,0.142
P13,2026-08-23T14:38:10.318975,Prigioniero,2,mm_llm_close,0.137
P13,2026-08-23T14:38:11.859152,Prigioniero,2,tts_http_request,1.5337
P13,2026-08-23T14:38:22.127789,Prigioniero,2,stt_transcription,0.4497
P13,2026-08-23T14:38:22.630151,Prigioniero,3,tts_http_request,0.383
P13,2026-08-23T14:38:35.256276,Prigioniero,0,llm_ttft,0.3849
P13,2026-08-23T14:38:36.344128,Prigioniero,0,tts_http_request,1.0561
P13,2026-08-23T14:38:36.584967,Prigioniero,0,llm_full,1.7139
P13,2026-08-23T14:38:37.108697,Prigioniero,0,tts_http_request,0.5229
P13,2026-08-23T14:38:53.315317,Prigioniero,0,stt_transcription,0.4755
P13,2026-08-23T14:38:53.502840,Prigioniero,1,mm_llm_detect,0.054
P13,2026-08-23T14:38:53.658031,Prigioniero,1,mm_llm_detect,0.1543
P13,2026-08-23T14:38:53.845713,Prigioniero,1,mm_llm_opening,0.1873
P13,2026-08-23T14:38:53.877775,Prigioniero,1,mm_llm_intent,0.029
P13,2026-08-23T14:38:54.101581,Prigioniero,1,mm_llm_intent,0.2232
P13,2026-08-23T14:38:56.776763,Prigioniero,1,tts_http_request,2.9275
P13,2026-08-23T14:39:21.684753,Prigioniero,1,stt_transcription,0.5786
P13,2026-08-23T14:39:22.685649,Prigioniero,2,mm_llm_parse,0.072
P13,2026-08-23T14:39:22.820358,Prigioniero,2,mm_llm_parse,0.1343
P13,2026-08-23T14:39:22.970498,Prigioniero,2,mm_llm_close,0.1489
P13,2026-08-23T14:39:24.320229,Prigioniero,2,tts_http_request,1.3465
P13,2026-08-23T14:39:36.182557,Prigioniero,2,stt_transcription,0.3861
P13,2026-08-23T14:39:37.612291,Prigioniero,3,tts_http_request,0.3485
P13,2026-08-23T14:39:50.561935,Prigioniero,0,llm_ttft,2.1257
P13,2026-08-23T14:39:51.267553,Prigioniero,0,tts_http_request,0.6773
P13,2026-08-23T14:39:51.512038,Prigioniero,0,llm_full,3.0754
P13,2026-08-23T14:39:52.293665,Prigioniero,0,tts_http_request,0.7808
P13,2026-08-23T14:40:08.912087,Prigioniero,0,stt_transcription,0.3963
P13,2026-08-23T14:40:09.921024,Prigioniero,1,mm_llm_detect,0.0778
P13,2026-08-23T14:40:10.085647,Prigioniero,1,mm_llm_detect,0.1643
P13,2026-08-23T14:40:10.293416,Prigioniero,1,mm_llm_clarify,0.2065
P13,2026-08-23T14:40:10.322539,Prigioniero,1,mm_llm_intent,0.0285
P13,2026-08-23T14:40:10.577151,Prigioniero,1,mm_llm_intent,0.2544
P13,2026-08-23T14:40:12.523878,Prigioniero,1,tts_http_request,2.229
P13,2026-08-23T14:40:29.098002,Prigioniero,1,stt_transcription,0.3925
P13,2026-08-23T14:40:30.083603,Prigioniero,2,mm_llm_detect,0.0635
P13,2026-08-23T14:40:30.272618,Prigioniero,2,mm_llm_detect,0.1886
P13,2026-08-23T14:40:31.185320,Prigioniero,2,mm_llm_opening,0.9115
P13,2026-08-23T14:40:31.213525,Prigioniero,2,mm_llm_intent,0.0274
P13,2026-08-23T14:40:31.473799,Prigioniero,2,mm_llm_intent,0.2593
P13,2026-08-23T14:40:33.267740,Prigioniero,2,tts_http_request,2.0804
P13,2026-08-23T14:40:48.985562,Prigioniero,2,stt_transcription,0.4696
P13,2026-08-23T14:40:49.984300,Prigioniero,3,mm_llm_parse,0.0816
P13,2026-08-23T14:40:50.264668,Prigioniero,3,mm_llm_parse,0.2804
P13,2026-08-23T14:40:50.451246,Prigioniero,3,mm_llm_counter,0.1847
P13,2026-08-23T14:40:51.785049,Prigioniero,3,tts_http_request,1.3338
P13,2026-08-23T14:41:04.470382,Prigioniero,3,stt_transcription,0.4736
P13,2026-08-23T14:41:05.467080,Prigioniero,4,mm_llm_parse,0.0666
P13,2026-08-23T14:41:05.634921,Prigioniero,4,mm_llm_parse,0.1678
P13,2026-08-23T14:41:05.846021,Prigioniero,4,mm_llm_counter,0.2099
P13,2026-08-23T14:41:07.606884,Prigioniero,4,tts_http_request,1.7587
P13,2026-08-23T14:41:22.595789,Prigioniero,4,stt_transcription,0.3895
P13,2026-08-23T14:41:23.596022,Prigioniero,5,mm_llm_parse,0.0808
P13,2026-08-23T14:41:23.769366,Prigioniero,5,mm_llm_parse,0.1727
P13,2026-08-23T14:41:23.972627,Prigioniero,5,mm_llm_counter,0.2023
P13,2026-08-23T14:41:25.463584,Prigioniero,5,tts_http_request,1.4897
P13,2026-08-23T14:41:39.894193,Prigioniero,5,stt_transcription,0.4972
P13,2026-08-23T14:41:40.888053,Prigioniero,6,mm_llm_parse,0.0752
P13,2026-08-23T14:41:41.061361,Prigioniero,6,mm_llm_parse,0.1724
P13,2026-08-23T14:41:41.278114,Prigioniero,6,mm_llm_counter,0.2159
P13,2026-08-23T14:41:43.019601,Prigioniero,6,tts_http_request,1.74
P13,2026-08-23T14:41:57.785368,Prigioniero,6,stt_transcription,0.408
P13,2026-08-23T14:41:58.767160,Prigioniero,7,mm_llm_parse,0.0556
P13,2026-08-23T14:41:58.897425,Prigioniero,7,mm_llm_parse,0.1304
P13,2026-08-23T14:41:59.074115,Prigioniero,7,mm_llm_counter,0.1756
P13,2026-08-23T14:42:00.745249,Prigioniero,7,tts_http_request,1.669
P13,2026-08-23T14:42:12.224899,Prigioniero,7,stt_transcription,0.4463
P13,2026-08-23T14:42:12.412355,Prigioniero,8,mm_llm_parse,0.0643
P13,2026-08-23T14:42:12.580186,Prigioniero,8,mm_llm_parse,0.1669
P13,2026-08-23T14:42:12.776831,Prigioniero,8,mm_llm_close,0.1951
P13,2026-08-23T14:42:14.407234,Prigioniero,8,tts_http_request,1.6235
P13,2026-08-23T14:42:25.692921,Prigioniero,8,stt_transcription,0.4547
P13,2026-08-23T14:42:27.100309,Prigioniero,9,llm_ttft,1.2927
P13,2026-08-23T14:42:28.477143,Prigioniero,9,tts_http_request,1.3479
P13,2026-08-23T14:42:28.737505,Prigioniero,9,llm_full,2.9302
P13,2026-08-23T14:42:29.777309,Prigioniero,9,tts_http_request,1.0388
P13,2026-08-23T14:42:44.018230,Prigioniero,9,stt_transcription,0.4264
P13,2026-08-23T14:42:44.447659,Prigioniero,10,tts_http_request,0.319
P14,2026-08-23T14:46:37.522455,Prigioniero,0,llm_ttft,3.0172
P14,2026-08-23T14:46:39.714531,Prigioniero,0,tts_http_request,2.1639
P14,2026-08-23T14:46:39.962616,Prigioniero,0,llm_full,5.4579
P14,2026-08-23T14:46:41.089816,Prigioniero,0,tts_http_request,1.1257
P14,2026-08-23T14:46:58.524373,Prigioniero,0,stt_transcription,0.3001
P14,2026-08-23T14:46:59.518134,Prigioniero,1,mm_llm_detect,0.0603
P14,2026-08-23T14:47:00.743248,Prigioniero,1,mm_llm_detect,1.2248
P14,2026-08-23T14:47:00.921902,Prigioniero,1,mm_llm_opening,0.1781
P14,2026-08-23T14:47:00.950981,Prigioniero,1,mm_llm_intent,0.0277
P14,2026-08-23T14:47:01.190663,Prigioniero,1,mm_llm_intent,0.239
P14,2026-08-23T14:47:02.186244,Prigioniero,1,tts_http_request,1.2617
P14,2026-08-23T14:47:18.495759,Prigioniero,1,stt_transcription,0.4304
P14,2026-08-23T14:47:19.473185,Prigioniero,2,mm_llm_parse,0.0533
P14,2026-08-23T14:47:20.103944,Prigioniero,2,mm_llm_parse,0.631
P14,2026-08-23T14:47:21.006772,Prigioniero,2,mm_llm_counter,0.9016
P14,2026-08-23T14:47:22.103422,Prigioniero,2,tts_http_request,1.0925
P14,2026-08-23T14:47:31.895407,Prigioniero,2,stt_transcription,0.4595
P14,2026-08-23T14:47:32.077609,Prigioniero,3,mm_llm_parse,0.0734
P14,2026-08-23T14:47:32.210368,Prigioniero,3,mm_llm_parse,0.1328
P14,2026-08-23T14:47:32.400870,Prigioniero,3,mm_llm_counter,0.1898
P14,2026-08-23T14:47:33.762008,Prigioniero,3,tts_http_request,1.3592
P14,2026-08-23T14:47:45.398281,Prigioniero,3,stt_transcription,0.4502
P14,2026-08-23T14:47:45.583863,Prigioniero,4,mm_llm_parse,0.0647
P14,2026-08-23T14:47:45.755697,Prigioniero,4,mm_llm_parse,0.1709
P14,2026-08-23T14:47:45.961519,Prigioniero,4,mm_llm_counter,0.205
P14,2026-08-23T14:47:47.014496,Prigioniero,4,tts_http_request,1.0515
P14,2026-08-23T14:47:55.673192,Prigioniero,4,stt_transcription,0.4381
P14,2026-08-23T14:47:55.875935,Prigioniero,5,mm_llm_parse,0.0723
P14,2026-08-23T14:47:56.008533,Prigioniero,5,mm_llm_parse,0.1315
P14,2026-08-23T14:47:56.207654,Prigioniero,5,mm_llm_close,0.1989
P14,2026-08-23T14:47:57.019428,Prigioniero,5,tts_http_request,0.8035
P14,2026-08-23T14:48:03.058007,Prigioniero,5,stt_transcription,0.4343
P14,2026-08-23T14:48:03.623456,Prigioniero,6,tts_http_request,0.4633
P14,2026-08-23T14:48:21.098261,Prigioniero,0,llm_ttft,0.3902
P14,2026-08-23T14:48:22.639684,Prigioniero,0,tts_http_request,1.5121
P14,2026-08-23T14:48:22.890094,Prigioniero,0,llm_full,2.1823
P14,2026-08-23T14:48:23.345277,Prigioniero,0,tts_http_request,0.4551
P14,2026-08-23T14:48:36.767466,Prigioniero,0,stt_transcription,0.4655
P14,2026-08-23T14:48:36.963273,Prigioniero,1,mm_llm_detect,0.0752
P14,2026-08-23T14:48:37.129943,Prigioniero,1,mm_llm_detect,0.166
P14,2026-08-23T14:48:37.335341,Prigioniero,1,mm_llm_clarify,0.2055
P14,2026-08-23T14:48:37.364430,Prigioniero,1,mm_llm_intent,0.0273
P14,2026-08-23T14:48:37.620866,Prigioniero,1,mm_llm_intent,0.2565
P14,2026-08-23T14:48:39.863510,Prigioniero,1,tts_http_request,2.5257
P14,2026-08-23T14:48:56.949087,Prigioniero,1,stt_transcription,0.3975
P14,2026-08-23T14:48:57.952628,Prigioniero,2,mm_llm_detect,0.0671
P14,2026-08-23T14:48:58.129465,Prigioniero,2,mm_llm_detect,0.1764
P14,2026-08-23T14:48:58.310127,Prigioniero,2,mm_llm_opening,0.1802
P14,2026-08-23T14:48:58.339182,Prigioniero,2,mm_llm_intent,0.0272
P14,2026-08-23T14:48:58.596643,Prigioniero,2,mm_llm_intent,0.2569
P14,2026-08-23T14:48:59.949729,Prigioniero,2,tts_http_request,1.6373
P14,2026-08-23T14:49:14.093280,Prigioniero,2,stt_transcription,0.3811
P14,2026-08-23T14:49:15.117822,Prigioniero,3,mm_llm_parse,0.0678
P14,2026-08-23T14:49:16.821552,Prigioniero,3,mm_llm_parse,1.7034
P14,2026-08-23T14:49:17.017092,Prigioniero,3,mm_llm_counter,0.1947
P14,2026-08-23T14:49:18.358475,Prigioniero,3,tts_http_request,1.3394
P14,2026-08-23T14:49:28.972096,Prigioniero,3,stt_transcription,0.4508
P14,2026-08-23T14:49:29.151039,Prigioniero,4,mm_llm_parse,0.0628
P14,2026-08-23T14:49:29.375284,Prigioniero,4,mm_llm_parse,0.2234
P14,2026-08-23T14:49:29.522069,Prigioniero,4,mm_llm_close,0.1454
P14,2026-08-23T14:49:31.356831,Prigioniero,4,tts_http_request,1.8274
P14,2026-08-23T14:49:41.642097,Prigioniero,4,stt_transcription,0.4422
P14,2026-08-23T14:49:42.176391,Prigioniero,5,tts_http_request,0.3956
P14,2026-08-23T14:50:03.844544,Prigioniero,0,llm_ttft,0.3891
P14,2026-08-23T14:50:05.554492,Prigioniero,0,tts_http_request,1.6714
P14,2026-08-23T14:50:05.827210,Prigioniero,0,llm_full,2.3715
P14,2026-08-23T14:50:06.852607,Prigioniero,0,tts_http_request,1.0243
P14,2026-08-23T14:50:24.537288,Prigioniero,0,stt_transcription,0.4677
P14,2026-08-23T14:50:24.743068,Prigioniero,1,mm_llm_detect,0.0671
P14,2026-08-23T14:50:24.925240,Prigioniero,1,mm_llm_detect,0.1821
P14,2026-08-23T14:50:25.115083,Prigioniero,1,mm_llm_clarify,0.1889
P14,2026-08-23T14:50:25.145788,Prigioniero,1,mm_llm_intent,0.0298
P14,2026-08-23T14:50:25.410528,Prigioniero,1,mm_llm_intent,0.2646
P14,2026-08-23T14:50:26.923556,Prigioniero,1,tts_http_request,1.8061
P14,2026-08-23T14:50:42.131093,Prigioniero,1,stt_transcription,0.4027
P14,2026-08-23T14:50:43.116343,Prigioniero,2,mm_llm_detect,0.0555
P14,2026-08-23T14:50:43.306228,Prigioniero,2,mm_llm_detect,0.19
P14,2026-08-23T14:50:43.555088,Prigioniero,2,mm_llm_opening,0.2482
P14,2026-08-23T14:50:43.588122,Prigioniero,2,mm_llm_intent,0.0317
P14,2026-08-23T14:50:43.881010,Prigioniero,2,mm_llm_intent,0.292
P14,2026-08-23T14:50:46.252302,Prigioniero,2,tts_http_request,2.694
P14,2026-08-23T14:51:04.320430,Prigioniero,2,stt_transcription,0.451
P14,2026-08-23T14:51:05.310472,Prigioniero,3,mm_llm_parse,0.0662
P14,2026-08-23T14:51:06.845423,Prigioniero,3,mm_llm_parse,1.535
P14,2026-08-23T14:51:07.055841,Prigioniero,3,mm_llm_counter,0.2091
P14,2026-08-23T14:51:08.846343,Prigioniero,3,tts_http_request,1.7884
P14,2026-08-23T14:51:20.018276,Prigioniero,3,stt_transcription,0.4388
P14,2026-08-23T14:51:20.221357,Prigioniero,4,mm_llm_parse,0.073
P14,2026-08-23T14:51:20.402200,Prigioniero,4,mm_llm_parse,0.1806
P14,2026-08-23T14:51:20.876909,Prigioniero,4,mm_llm_counter,0.4733
P14,2026-08-23T14:51:22.720929,Prigioniero,4,tts_http_request,1.8426
P14,2026-08-23T14:51:33.413718,Prigioniero,4,stt_transcription,0.4375
P14,2026-08-23T14:51:33.619437,Prigioniero,5,mm_llm_parse,0.0659
P14,2026-08-23T14:51:33.786884,Prigioniero,5,mm_llm_parse,0.1667
P14,2026-08-23T14:51:33.976586,Prigioniero,5,mm_llm_close,0.1895
P14,2026-08-23T14:51:35.388612,Prigioniero,5,tts_http_request,1.4052
P14,2026-08-23T14:51:43.901579,Prigioniero,5,stt_transcription,0.3669
P14,2026-08-23T14:51:44.339723,Prigioniero,6,tts_http_request,0.3057
P15,2026-08-23T14:54:28.652894,Prigioniero,0,llm_ttft,0.225
P15,2026-08-23T14:54:31.596974,Prigioniero,0,tts_http_request,2.8938
P15,2026-08-23T14:54:31.868761,Prigioniero,0,llm_full,3.4414
P15,2026-08-23T14:54:33.347438,Prigioniero,0,tts_http_request,1.4777
P15,2026-08-23T14:54:51.371919,Prigioniero,0,stt_transcription,0.2316
P15,2026-08-23T14:54:52.367813,Prigioniero,1,mm_llm_detect,0.0612
P15,2026-08-23T14:54:52.495962,Prigioniero,1,mm_llm_detect,0.1276
P15,2026-08-23T14:54:52.673851,Prigioniero,1,mm_llm_clarify,0.1767
P15,2026-08-23T14:54:52.702527,Prigioniero,1,mm_llm_intent,0.0275
P15,2026-08-23T14:54:52.919618,Prigioniero,1,mm_llm_intent,0.2165
P15,2026-08-23T14:54:55.441755,Prigioniero,1,tts_http_request,2.7658
P15,2026-08-23T14:55:13.967292,Prigioniero,1,stt_transcription,0.4657
P15,2026-08-23T14:55:14.953076,Prigioniero,2,mm_llm_detect,0.0657
P15,2026-08-23T14:55:15.151232,Prigioniero,2,mm_llm_detect,0.1982
P15,2026-08-23T14:55:15.435863,Prigioniero,2,mm_llm_opening,0.2836
P15,2026-08-23T14:55:15.465556,Prigioniero,2,mm_llm_intent,0.0288
P15,2026-08-23T14:55:15.683488,Prigioniero,2,mm_llm_intent,0.2175
P15,2026-08-23T14:55:18.174257,Prigioniero,2,tts_http_request,2.7361
P15,2026-08-23T14:55:34.838292,Prigioniero,2,stt_transcription,0.4661
P15,2026-08-23T14:55:35.822929,Prigioniero,3,mm_llm_parse,0.0696
P15,2026-08-23T14:55:35.995753,Prigioniero,3,mm_llm_parse,0.1723
P15,2026-08-23T14:55:36.164681,Prigioniero,3,mm_llm_close,0.1676
P15,2026-08-23T14:55:37.361947,Prigioniero,3,tts_http_request,1.191
P15,2026-08-23T14:55:44.984957,Prigioniero,3,stt_transcription,0.4424
P15,2026-08-23T14:55:45.634821,Prigioniero,4,tts_http_request,0.5153
P15,2026-08-23T14:55:55.956156,Prigioniero,0,llm_ttft,0.3866
P15,2026-08-23T14:55:56.547394,Prigioniero,0,tts_http_request,0.575
P15,2026-08-23T14:55:56.781698,Prigioniero,0,llm_full,1.2116
P15,2026-08-23T14:55:57.380987,Prigioniero,0,tts_http_request,0.5982
P15,2026-08-23T14:56:07.651388,Prigioniero,0,stt_transcription,0.3811
P15,2026-08-23T14:56:07.858427,Prigioniero,1,mm_llm_detect,0.0712
P15,2026-08-23T14:56:07.995583,Prigioniero,1,mm_llm_detect,0.1366
P15,2026-08-23T14:56:08.153033,Prigioniero,1,mm_llm_opening,0.1566
P15,2026-08-23T14:56:08.185064,Prigioniero,1,mm_llm_intent,0.0283
P15,2026-08-23T14:56:08.809961,Prigioniero,1,mm_llm_intent,0.6237
P15,2026-08-23T14:56:10.016677,Prigioniero,1,tts_http_request,1.8578
P15,2026-08-23T14:56:23.095045,Prigioniero,1,stt_transcription,0.448
P15,2026-08-23T14:56:24.075376,Prigioniero,2,mm_llm_parse,0.0643
P15,2026-08-23T14:56:24.250480,Prigioniero,2,mm_llm_parse,0.1742
P15,2026-08-23T14:56:24.456865,Prigioniero,2,mm_llm_counter,0.2064
P15,2026-08-23T14:56:25.825141,Prigioniero,2,tts_http_request,1.366
P15,2026-08-23T14:56:35.220680,Prigioniero,2,stt_transcription,0.3726
P15,2026-08-23T14:56:35.401772,Prigioniero,3,mm_llm_parse,0.0533
P15,2026-08-23T14:56:35.573863,Prigioniero,3,mm_llm_parse,0.1713
P15,2026-08-23T14:56:35.738221,Prigioniero,3,mm_llm_counter,0.1634
P15,2026-08-23T14:56:37.887580,Prigioniero,3,tts_http_request,2.1482
P15,2026-08-23T14:56:51.982062,Prigioniero,3,stt_transcription,0.3813
P15,2026-08-23T14:56:52.965282,Prigioniero,4,mm_llm_parse,0.0622
P15,2026-08-23T14:56:53.226722,Prigioniero,4,mm_llm_parse,0.2608
P15,2026-08-23T14:56:53.492038,Prigioniero,4,mm_llm_counter,0.2643
P15,2026-08-23T14:56:55.517787,Prigioniero,4,tts_http_request,2.0244
P15,2026-08-23T14:57:09.254659,Prigioniero,4,stt_transcription,0.374
P15,2026-08-23T14:57:10.255343,Prigioniero,5,mm_llm_parse,0.0715
P15,2026-08-23T14:57:10.422680,Prigioniero,5,mm_llm_parse,0.1668
P15,2026-08-23T14:57:10.576727,Prigioniero,5,mm_llm_counter,0.1537
P15,2026-08-23T14:57:11.679063,Prigioniero,5,tts_http_request,1.1009
P15,2026-08-23T14:57:20.161822,Prigioniero,5,stt_transcription,0.4605
P15,2026-08-23T14:57:20.334201,Prigioniero,6,mm_llm_parse,0.064
P15,2026-08-23T14:57:20.493875,Prigioniero,6,mm_llm_parse,0.16
P15,2026-08-23T14:57:20.978831,Prigioniero,6,mm_llm_counter,0.4832
P15,2026-08-23T14:57:23.271465,Prigioniero,6,tts_http_request,2.2916
P15,2026-08-23T14:57:37.868724,Prigioniero,6,stt_transcription,0.4654
P15,2026-08-23T14:57:38.866977,Prigioniero,7,mm_llm_parse,0.0759
P15,2026-08-23T14:57:39.037570,Prigioniero,7,mm_llm_parse,0.1703
P15,2026-08-23T14:57:39.205844,Prigioniero,7,mm_llm_close,0.1677
P15,2026-08-23T14:57:40.229629,Prigioniero,7,tts_http_request,1.0205
P15,2026-08-23T14:57:49.047940,Prigioniero,7,stt_transcription,0.4447
P15,2026-08-23T14:57:49.644453,Prigioniero,8,tts_http_request,0.4731
P15,2026-08-23T14:57:58.431758,Prigioniero,0,llm_ttft,0.3935
P15,2026-08-23T14:57:59.412344,Prigioniero,0,tts_http_request,0.9486
P15,2026-08-23T14:57:59.661133,Prigioniero,0,llm_full,1.6224
P15,2026-08-23T14:58:01.142957,Prigioniero,0,tts_http_request,1.4814
P15,2026-08-23T14:58:14.026088,Prigioniero,0,stt_transcription,0.3824
P15,2026-08-23T14:58:14.219552,Prigioniero,1,mm_llm_detect,0.07
P15,2026-08-23T14:58:14.669716,Prigioniero,1,mm_llm_detect,0.4505
P15,2026-08-23T14:58:14.868534,Prigioniero,1,mm_llm_opening,0.1979
P15,2026-08-23T14:58:14.897571,Prigioniero,1,mm_llm_intent,0.0271
P15,2026-08-23T14:58:15.114526,Prigioniero,1,mm_llm_intent,0.2168
P15,2026-08-23T14:58:16.601391,Prigioniero,1,tts_http_request,1.7304
P15,2026-08-23T14:58:35.853481,Prigioniero,1,stt_transcription,0.4785
P15,2026-08-23T14:58:36.841043,Prigioniero,2,mm_llm_parse,0.0659
P15,2026-08-23T14:58:37.011220,Prigioniero,2,mm_llm_parse,0.1694
P15,2026-08-23T14:58:37.697050,Prigioniero,2,mm_llm_counter,0.6854
P15,2026-08-23T14:58:39.703275,Prigioniero,2,tts_http_request,2.0049
P15,2026-08-23T14:58:59.055022,Prigioniero,2,stt_transcription,0.3894
P15,2026-08-23T14:59:00.039232,Prigioniero,3,mm_llm_parse,0.0627
P15,2026-08-23T14:59:00.210599,Prigioniero,3,mm_llm_parse,0.1711
P15,2026-08-23T14:59:00.413984,Prigioniero,3,mm_llm_counter,0.202
P15,2026-08-23T14:59:02.011103,Prigioniero,3,tts_http_request,1.5951
P15,2026-08-23T14:59:16.061096,Prigioniero,3,stt_transcription,0.4056
P15,2026-08-23T14:59:17.064354,Prigioniero,4,mm_llm_parse,0.0727
P15,2026-08-23T14:59:17.195120,Prigioniero,4,mm_llm_parse,0.1307
P15,2026-08-23T14:59:17.364475,Prigioniero,4,mm_llm_counter,0.1683
P15,2026-08-23T14:59:18.476838,Prigioniero,4,tts_http_request,1.1117
P15,2026-08-23T14:59:27.604354,Prigioniero,4,stt_transcription,0.3882
P15,2026-08-23T14:59:27.806547,Prigioniero,5,mm_llm_parse,0.091
P15,2026-08-23T14:59:27.974608,Prigioniero,5,mm_llm_parse,0.1678
P15,2026-08-23T14:59:28.176694,Prigioniero,5,mm_llm_close,0.2012
P15,2026-08-23T14:59:30.015715,Prigioniero,5,tts_http_request,1.8351
P15,2026-08-23T14:59:41.134875,Prigioniero,5,stt_transcription,0.5109
P15,2026-08-23T14:59:41.716366,Prigioniero,6,tts_http_request,0.4552
P16,2026-08-23T15:03:01.014561,Prigioniero,0,llm_ttft,0.2565
P16,2026-08-23T15:03:02.964764,Prigioniero,0,tts_http_request,1.9329
P16,2026-08-23T15:03:03.209352,Prigioniero,0,llm_full,2.4519
P16,2026-08-23T15:03:03.941997,Prigioniero,0,tts_http_request,0.7308
P16,2026-08-23T15:03:22.399281,Prigioniero,0,stt_transcription,0.3281
P16,2026-08-23T15:03:23.382185,Prigioniero,1,mm_llm_detect,0.0644
P16,2026-08-23T15:03:23.522491,Prigioniero,1,mm_llm_detect,0.1404
P16,2026-08-23T15:03:23.661247,Prigioniero,1,mm_llm_opening,0.1381
P16,2026-08-23T15:03:23.690800,Prigioniero,1,mm_llm_intent,0.0278
P16,2026-08-23T15:03:23.915969,Prigioniero,1,mm_llm_intent,0.2248
P16,2026-08-23T15:03:25.579251,Prigioniero,1,tts_http_request,1.9159
P16,2026-08-23T15:03:43.262950,Prigioniero,1,stt_transcription,0.4206
P16,2026-08-23T15:03:44.258347,Prigioniero,2,mm_llm_parse,0.0792
P16,2026-08-23T15:03:44.419487,Prigioniero,2,mm_llm_parse,0.1609
P16,2026-08-23T15:03:44.600609,Prigioniero,2,mm_llm_counter,0.1804
P16,2026-08-23T15:03:45.869651,Prigioniero,2,tts_http_request,1.2674
P16,2026-08-23T15:03:56.588939,Prigioniero,2,stt_transcription,0.3769
P16,2026-08-23T15:03:56.768058,Prigioniero,3,mm_llm_parse,0.0767
P16,2026-08-23T15:03:56.899852,Prigioniero,3,mm_llm_parse,0.1318
P16,2026-08-23T15:03:57.030767,Prigioniero,3,mm_llm_close,0.1297
P16,2026-08-23T15:03:58.410918,Prigioniero,3,tts_http_request,1.3758
P16,2026-08-23T15:04:07.314638,Prigioniero,3,stt_transcription,0.3676
P16,2026-08-23T15:04:07.807165,Prigioniero,4,tts_http_request,0.3801
P16,2026-08-23T15:04:13.957329,Prigioniero,0,llm_ttft,0.3715
P16,2026-08-23T15:04:15.425916,Prigioniero,0,tts_http_request,1.4363
P16,2026-08-23T15:04:15.682562,Prigioniero,0,llm_full,2.0962
P16,2026-08-23T15:04:16.712527,Prigioniero,0,tts_http_request,1.0294
P16,2026-08-23T15:04:29.607014,Prigioniero,0,stt_transcription,0.4039
P16,2026-08-23T15:04:29.822744,Prigioniero,1,mm_llm_detect,0.0725
P16,2026-08-23T15:04:29.976312,Prigioniero,1,mm_llm_detect,0.1538
P16,2026-08-23T15:04:30.285456,Prigioniero,1,mm_llm_opening,0.3077
P16,2026-08-23T15:04:30.314980,Prigioniero,1,mm_llm_intent,0.0282
P16,2026-08-23T15:04:30.564530,Prigioniero,1,mm_llm_intent,0.2492
P16,2026-08-23T15:04:33.658780,Prigioniero,1,tts_http_request,3.3717
P16,2026-08-23T15:04:57.059956,Prigioniero,1,stt_transcription,0.4255
P16,2026-08-23T15:04:58.054967,Prigioniero,2,mm_llm_parse,0.0805
P16,2026-08-23T15:04:58.191548,Prigioniero,2,mm_llm_parse,0.1361
P16,2026-08-23T15:04:58.332674,Prigioniero,2,mm_llm_close,0.1401
P16,2026-08-23T15:04:59.507167,Prigioniero,2,tts_http_request,1.1702
P16,2026-08-23T15:05:09.553584,Prigioniero,2,stt_transcription,0.4391
P16,2026-08-23T15:05:10.040216,Prigioniero,3,tts_http_request,0.3578
P16,2026-08-23T15:05:18.266781,Prigioniero,0,llm_ttft,0.3442
P16,2026-08-23T15:05:18.291856,Prigioniero,0,llm_full,0.3695
P16,2026-08-23T15:05:18.523161,Prigioniero,0,tts_http_request,0.2302
P16,2026-08-23T15:05:27.567123,Prigioniero,0,stt_transcription,0.3485
P16,2026-08-23T15:05:27.757274,Prigioniero,1,mm_llm_detect,0.0502
P16,2026-08-23T15:05:27.882951,Prigioniero,1,mm_llm_detect,0.1253
P16,2026-08-23T15:05:28.015238,Prigioniero,1,mm_llm_clarify,0.1313
P16,2026-08-23T15:05:28.042257,Prigioniero,1,mm_llm_intent,0.0264
P16,2026-08-23T15:05:28.256704,Prigioniero,1,mm_llm_intent,0.2145
P16,2026-08-23T15:05:29.352588,Prigioniero,1,tts_http_request,1.3362
P16,2026-08-23T15:05:42.086721,Prigioniero,1,stt_transcription,0.368
P16,2026-08-23T15:05:43.090264,Prigioniero,2,mm_llm_detect,0.0752
P16,2026-08-23T15:05:43.238113,Prigioniero,2,mm_llm_detect,0.1488
P16,2026-08-23T15:05:43.542694,Prigioniero,2,mm_llm_opening,0.3033
P16,2026-08-23T15:05:43.570239,Prigioniero,2,mm_llm_intent,0.026
P16,2026-08-23T15:05:43.783750,Prigioniero,2,mm_llm_intent,0.213
P16,2026-08-23T15:05:46.231586,Prigioniero,2,tts_http_request,2.6854
P16,2026-08-23T15:06:05.721788,Prigioniero,2,stt_transcription,0.393
P16,2026-08-23T15:06:06.717752,Prigioniero,3,mm_llm_parse,0.067
P16,2026-08-23T15:06:06.845409,Prigioniero,3,mm_llm_parse,0.1281
P16,2026-08-23T15:06:06.981000,Prigioniero,3,mm_llm_counter,0.1338
P16,2026-08-23T15:06:08.008520,Prigioniero,3,tts_http_request,1.0267
P16,2026-08-23T15:06:19.810206,Prigioniero,3,stt_transcription,0.4008
P16,2026-08-23T15:06:20.792187,Prigioniero,4,mm_llm_parse,0.0646
P16,2026-08-23T15:06:23.632322,Prigioniero,4,mm_llm_parse,2.8394
P16,2026-08-23T15:06:23.829041,Prigioniero,4,mm_llm_close,0.1953
P16,2026-08-23T15:06:25.052588,Prigioniero,4,tts_http_request,1.2203
P16,2026-08-23T15:06:36.127880,Prigioniero,4,stt_transcription,0.3679
P16,2026-08-23T15:06:36.644348,Prigioniero,5,tts_http_request,0.4053
P17,2026-08-23T15:09:17.931143,Prigioniero,0,llm_ttft,0.2208
P17,2026-08-23T15:09:19.597596,Prigioniero,0,tts_http_request,1.6489
P17,2026-08-23T15:09:19.850204,Prigioniero,0,llm_full,2.1407
P17,2026-08-23T15:09:20.743816,Prigioniero,0,tts_http_request,0.8928
P17,2026-08-23T15:09:36.776725,Prigioniero,0,stt_transcription,0.2408
P17,2026-08-23T15:09:37.785893,Prigioniero,1,mm_llm_detect,0.0788
P17,2026-08-23T15:09:37.937073,Prigioniero,1,mm_llm_detect,0.1509
P17,2026-08-23T15:09:38.115803,Prigioniero,1,mm_llm_opening,0.1782
P17,2026-08-23T15:09:38.143459,Prigioniero,1,mm_llm_intent,0.0265
P17,2026-08-23T15:09:38.361410,Prigioniero,1,mm_llm_intent,0.2177
P17,2026-08-23T15:09:41.515522,Prigioniero,1,tts_http_request,3.3973
P17,2026-08-23T15:09:58.966018,Prigioniero,1,stt_transcription,0.3794
P17,2026-08-23T15:09:59.969621,Prigioniero,2,mm_llm_parse,0.0848
P17,2026-08-23T15:10:00.100769,Prigioniero,2,mm_llm_parse,0.1308
P17,2026-08-23T15:10:00.240597,Prigioniero,2,mm_llm_close,0.139
P17,2026-08-23T15:10:01.480654,Prigioniero,2,tts_http_request,1.2356
P17,2026-08-23T15:10:09.483432,Prigioniero,2,stt_transcription,0.4261
P17,2026-08-23T15:10:09.984339,Prigioniero,3,tts_http_request,0.3891
P17,2026-08-23T15:10:19.116788,Prigioniero,0,llm_ttft,0.5677
P17,2026-08-23T15:10:19.130796,Prigioniero,0,llm_full,0.5815
P17,2026-08-23T15:10:19.518012,Prigioniero,0,tts_http_request,0.3859
P17,2026-08-23T15:10:28.897725,Prigioniero,0,stt_transcription,0.4278
P17,2026-08-23T15:10:29.086548,Prigioniero,1,mm_llm_detect,0.0701
P17,2026-08-23T15:10:31.071866,Prigioniero,1,mm_llm_detect,1.9851
P17,2026-08-23T15:10:31.253638,Prigioniero,1,mm_llm_clarify,0.1813
P17,2026-08-23T15:10:31.282665,Prigioniero,1,mm_llm_intent,0.0277
P17,2026-08-23T15:10:31.540609,Prigioniero,1,mm_llm_intent,0.2577
P17,2026-08-23T15:10:33.393008,Prigioniero,1,tts_http_request,2.1369
P17,2026-08-23T15:10:46.236017,Prigioniero,1,stt_transcription,0.4429
P17,2026-08-23T15:10:47.232436,Prigioniero,2,mm_llm_detect,0.0721
P17,2026-08-23T15:10:48.001456,Prigioniero,2,mm_llm_detect,0.7692
P17,2026-08-23T15:10:48.362110,Prigioniero,2,mm_llm_opening,0.3598
P17,2026-08-23T15:10:48.395561,Prigioniero,2,mm_llm_intent,0.0322
P17,2026-08-23T15:10:48.663911,Prigioniero,2,mm_llm_intent,0.2678
P17,2026-08-23T15:10:51.085137,Prigioniero,2,tts_http_request,2.7202
P17,2026-08-23T15:11:08.778952,Prigioniero,2,stt_transcription,0.3952
P17,2026-08-23T15:11:09.759030,Prigioniero,3,mm_llm_parse,0.0646
P17,2026-08-23T15:11:09.925765,Prigioniero,3,mm_llm_parse,0.1666
P17,2026-08-23T15:11:10.109564,Prigioniero,3,mm_llm_counter,0.1829
P17,2026-08-23T15:11:11.238401,Prigioniero,3,tts_http_request,1.1276
P17,2026-08-23T15:11:20.244199,Prigioniero,3,stt_transcription,0.4408
P17,2026-08-23T15:11:20.449048,Prigioniero,4,mm_llm_parse,0.0665
P17,2026-08-23T15:11:20.610877,Prigioniero,4,mm_llm_parse,0.1615
P17,2026-08-23T15:11:20.842411,Prigioniero,4,mm_llm_counter,0.2317
P17,2026-08-23T15:11:22.298757,Prigioniero,4,tts_http_request,1.4542
P17,2026-08-23T15:11:32.181952,Prigioniero,4,stt_transcription,0.4326
P17,2026-08-23T15:11:32.342988,Prigioniero,5,mm_llm_parse,0.0542
P17,2026-08-23T15:11:33.982446,Prigioniero,5,mm_llm_parse,1.6391
P17,2026-08-23T15:11:34.168525,Prigioniero,5,mm_llm_close,0.1851
P17,2026-08-23T15:11:35.897183,Prigioniero,5,tts_http_request,1.7217
P17,2026-08-23T15:11:46.756161,Prigioniero,5,stt_transcription,0.4282
P17,2026-08-23T15:11:47.224726,Prigioniero,6,tts_http_request,0.3596
P17,2026-08-23T15:11:57.121205,Prigioniero,0,llm_ttft,0.4009
P17,2026-08-23T15:11:58.150875,Prigioniero,0,tts_http_request,1.0082
P17,2026-08-23T15:11:58.395433,Prigioniero,0,llm_full,1.6749
P17,2026-08-23T15:11:59.008392,Prigioniero,0,tts_http_request,0.6123
P17,2026-08-23T15:12:11.966133,Prigioniero,0,stt_transcription,0.3934
P17,2026-08-23T15:12:12.148364,Prigioniero,1,mm_llm_detect,0.0694
P17,2026-08-23T15:12:12.310873,Prigioniero,1,mm_llm_detect,0.1621
P17,2026-08-23T15:12:12.478625,Prigioniero,1,mm_llm_clarify,0.1669
P17,2026-08-23T15:12:12.507729,Prigioniero,1,mm_llm_intent,0.0281
P17,2026-08-23T15:12:12.733286,Prigioniero,1,mm_llm_intent,0.2247
P17,2026-08-23T15:12:15.561270,Prigioniero,1,tts_http_request,3.0808
P17,2026-08-23T15:12:31.299953,Prigioniero,1,stt_transcription,0.4504
P17,2026-08-23T15:12:32.290137,Prigioniero,2,mm_llm_detect,0.0742
P17,2026-08-23T15:12:32.432391,Prigioniero,2,mm_llm_detect,0.1423
P17,2026-08-23T15:12:32.580222,Prigioniero,2,mm_llm_opening,0.1465
P17,2026-08-23T15:12:32.608865,Prigioniero,2,mm_llm_intent,0.0283
P17,2026-08-23T15:12:32.834839,Prigioniero,2,mm_llm_intent,0.2249
P17,2026-08-23T15:12:34.061001,Prigioniero,2,tts_http_request,1.4789
P17,2026-08-23T15:12:47.910648,Prigioniero,2,stt_transcription,0.3615
P17,2026-08-23T15:12:48.998032,Prigioniero,3,mm_llm_parse,0.0691
P17,2026-08-23T15:12:49.129172,Prigioniero,3,mm_llm_parse,0.1307
P17,2026-08-23T15:12:49.278549,Prigioniero,3,mm_llm_counter,0.1487
P17,2026-08-23T15:12:50.360740,Prigioniero,3,tts_http_request,1.0796
P17,2026-08-23T15:13:00.316400,Prigioniero,3,stt_transcription,0.3861
P17,2026-08-23T15:13:00.510786,Prigioniero,4,mm_llm_parse,0.073
P17,2026-08-23T15:13:01.361837,Prigioniero,4,mm_llm_parse,0.8499
P17,2026-08-23T15:13:01.528910,Prigioniero,4,mm_llm_counter,0.1666
P17,2026-08-23T15:13:02.940218,Prigioniero,4,tts_http_request,1.4097
P17,2026-08-23T15:13:16.963026,Prigioniero,4,stt_transcription,0.4702
P17,2026-08-23T15:13:17.962202,Prigioniero,5,mm_llm_parse,0.0753
P17,2026-08-23T15:13:18.336982,Prigioniero,5,mm_llm_parse,0.3752
P17,2026-08-23T15:13:18.505566,Prigioniero,5,mm_llm_close,0.1679
P17,2026-08-23T15:13:19.780210,Prigioniero,5,tts_http_request,1.2668
P17,2026-08-23T15:13:28.913502,Prigioniero,5,stt_transcription,0.3595
P17,2026-08-23T15:13:29.559046,Prigioniero,6,tts_http_request,0.5264
P18,2026-08-23T15:16:08.486816,Prigioniero,0,llm_ttft,0.2465
P18,2026-08-23T15:16:10.438749,Prigioniero,0,tts_http_request,1.9352
P18,2026-08-23T15:16:10.690567,Prigioniero,0,llm_full,2.4506
P18,2026-08-23T15:16:10.988665,Prigioniero,0,tts_http_request,0.2974
P18,2026-08-23T15:16:20.585369,Prigioniero,0,stt_transcription,0.212
P18,2026-08-23T15:16:20.789733,Prigioniero,1,mm_llm_detect,0.0723
P18,2026-08-23T15:16:20.919345,Prigioniero,1,mm_llm_detect,0.1286
P18,2026-08-23T15:16:21.076943,Prigioniero,1,mm_llm_clarify,0.1567
P18,2026-08-23T15:16:21.108037,Prigioniero,1,mm_llm_intent,0.0309
P18,2026-08-23T15:16:21.845445,Prigioniero,1,mm_llm_intent,0.7371
P18,2026-08-23T15:16:22.991527,Prigioniero,1,tts_http_request,1.9124
P18,2026-08-23T15:16:35.765629,Prigioniero,1,stt_transcription,0.3668
P18,2026-08-23T15:16:36.769094,Prigioniero,2,mm_llm_detect,0.0734
P18,2026-08-23T15:16:36.907419,Prigioniero,2,mm_llm_detect,0.138
P18,2026-08-23T15:16:37.065725,Prigioniero,2,mm_llm_opening,0.1577
P18,2026-08-23T15:16:37.095776,Prigioniero,2,mm_llm_intent,0.0281
P18,2026-08-23T15:16:37.327078,Prigioniero,2,mm_llm_intent,0.2309
P18,2026-08-23T15:16:39.110958,Prigioniero,2,tts_http_request,2.0426
P18,2026-08-23T15:16:52.974255,Prigioniero,2,stt_transcription,0.4542
P18,2026-08-23T15:16:53.966337,Prigioniero,3,mm_llm_parse,0.0736
P18,2026-08-23T15:16:55.029258,Prigioniero,3,mm_llm_parse,1.0616
P18,2026-08-23T15:16:55.276278,Prigioniero,3,mm_llm_counter,0.2471
P18,2026-08-23T15:16:57.855984,Prigioniero,3,tts_http_request,2.5746
P18,2026-08-23T15:17:15.960184,Prigioniero,3,stt_transcription,0.4693
P18,2026-08-23T15:17:16.954620,Prigioniero,4,mm_llm_parse,0.0758
P18,2026-08-23T15:17:18.249102,Prigioniero,4,mm_llm_parse,1.2934
P18,2026-08-23T15:17:18.520003,Prigioniero,4,mm_llm_counter,0.2706
P18,2026-08-23T15:17:19.911885,Prigioniero,4,tts_http_request,1.3896
P18,2026-08-23T15:17:34.898843,Prigioniero,4,stt_transcription,0.4575
P18,2026-08-23T15:17:35.880874,Prigioniero,5,mm_llm_parse,0.0667
P18,2026-08-23T15:17:36.065532,Prigioniero,5,mm_llm_parse,0.1842
P18,2026-08-23T15:17:36.248748,Prigioniero,5,mm_llm_close,0.1826
P18,2026-08-23T15:17:37.391962,Prigioniero,5,tts_http_request,1.1388
P18,2026-08-23T15:17:45.882155,Prigioniero,5,stt_transcription,0.3707
P18,2026-08-23T15:17:46.365294,Prigioniero,6,tts_http_request,0.3744
P18,2026-08-23T15:17:58.870064,Prigioniero,0,llm_ttft,0.8689
P18,2026-08-23T15:17:59.376224,Prigioniero,0,tts_http_request,0.4946
P18,2026-08-23T15:17:59.612051,Prigioniero,0,llm_full,1.611
P18,2026-08-23T15:18:00.389205,Prigioniero,0,tts_http_request,0.7748
P18,2026-08-23T15:18:13.018582,Prigioniero,0,stt_transcription,0.4574
P18,2026-08-23T15:18:13.209425,Prigioniero,1,mm_llm_detect,0.0625
P18,2026-08-23T15:18:13.352096,Prigioniero,1,mm_llm_detect,0.1416
P18,2026-08-23T15:18:13.679713,Prigioniero,1,mm_llm_clarify,0.3276
P18,2026-08-23T15:18:13.707735,Prigioniero,1,mm_llm_intent,0.0269
P18,2026-08-23T15:18:13.962743,Prigioniero,1,mm_llm_intent,0.2547
P18,2026-08-23T15:18:16.941947,Prigioniero,1,tts_http_request,3.26
P18,2026-08-23T15:18:35.847693,Prigioniero,1,stt_transcription,0.4402
P18,2026-08-23T15:18:36.834908,Prigioniero,2,mm_llm_detect,0.0706
P18,2026-08-23T15:18:37.137931,Prigioniero,2,mm_llm_detect,0.3028
P18,2026-08-23T15:18:37.298813,Prigioniero,2,mm_llm_opening,0.16
P18,2026-08-23T15:18:37.347854,Prigioniero,2,mm_llm_intent,0.048
P18,2026-08-23T15:18:37.569076,Prigioniero,2,mm_llm_intent,0.221
P18,2026-08-23T15:18:39.217754,Prigioniero,2,tts_http_request,1.9166
P18,2026-08-23T15:18:54.242856,Prigioniero,2,stt_transcription,0.4349
P18,2026-08-23T15:18:55.262001,Prigioniero,3,mm_llm_parse,0.0657
P18,2026-08-23T15:18:55.463722,Prigioniero,3,mm_llm_parse,0.2013
P18,2026-08-23T15:18:55.608568,Prigioniero,3,mm_llm_counter,0.1432
P18,2026-08-23T15:18:56.767056,Prigioniero,3,tts_http_request,1.1569
P18,2026-08-23T15:19:11.163340,Prigioniero,3,stt_transcription,0.4559
P18,2026-08-23T15:19:12.146013,Prigioniero,4,mm_llm_parse,0.0691
P18,2026-08-23T15:19:12.311219,Prigioniero,4,mm_llm_parse,0.1642
P18,2026-08-23T15:19:12.498583,Prigioniero,4,mm_llm_counter,0.1865
P18,2026-08-23T15:19:14.479957,Prigioniero,4,tts_http_request,1.9801
P18,2026-08-23T15:19:28.217804,Prigioniero,4,stt_transcription,0.4494
P18,2026-08-23T15:19:29.215435,Prigioniero,5,mm_llm_parse,0.074
P18,2026-08-23T15:19:29.384682,Prigioniero,5,mm_llm_parse,0.169
P18,2026-08-23T15:19:29.600710,Prigioniero,5,mm_llm_counter,0.2116
P18,2026-08-23T15:19:31.042672,Prigioniero,5,tts_http_request,1.4412
P18,2026-08-23T15:19:44.007868,Prigioniero,5,stt_transcription,0.4402
P18,2026-08-23T15:19:44.997981,Prigioniero,6,mm_llm_parse,0.0606
P18,2026-08-23T15:19:45.365045,Prigioniero,6,mm_llm_parse,0.3662
P18,2026-08-23T15:19:45.529766,Prigioniero,6,mm_llm_close,0.1639
P18,2026-08-23T15:19:46.913115,Prigioniero,6,tts_http_request,1.3793
P18,2026-08-23T15:19:58.252270,Prigioniero,6,stt_transcription,0.4436
P18,2026-08-23T15:19:58.722838,Prigioniero,7,tts_http_request,0.335
P18,2026-08-23T15:20:12.945974,Prigioniero,0,llm_ttft,1.0371
P18,2026-08-23T15:20:13.911550,Prigioniero,0,tts_http_request,0.9384
P18,2026-08-23T15:20:14.165374,Prigioniero,0,llm_full,2.2561
P18,2026-08-23T15:20:14.794238,Prigioniero,0,tts_http_request,0.6284
P18,2026-08-23T15:20:31.433585,Prigioniero,0,stt_transcription,0.4742
P18,2026-08-23T15:20:32.445818,Prigioniero,1,mm_llm_detect,0.0764
P18,2026-08-23T15:20:32.620118,Prigioniero,1,mm_llm_detect,0.1745
P18,2026-08-23T15:20:32.837825,Prigioniero,1,mm_llm_opening,0.2165
P18,2026-08-23T15:20:32.869877,Prigioniero,1,mm_llm_intent,0.0305
P18,2026-08-23T15:20:33.227458,Prigioniero,1,mm_llm_intent,0.3577
P18,2026-08-23T15:20:35.366955,Prigioniero,1,tts_http_request,2.5263
P18,2026-08-23T15:20:56.395949,Prigioniero,1,stt_transcription,0.4461
P18,2026-08-23T15:20:57.385053,Prigioniero,2,mm_llm_parse,0.0677
P18,2026-08-23T15:20:57.549081,Prigioniero,2,mm_llm_parse,0.1645
P18,2026-08-23T15:20:57.722677,Prigioniero,2,mm_llm_close,0.1722
P18,2026-08-23T15:20:58.800327,Prigioniero,2,tts_http_request,1.0738
P18,2026-08-23T15:21:06.380681,Prigioniero,2,stt_transcription,0.4411
P18,2026-08-23T15:21:06.847121,Prigioniero,3,tts_http_request,0.3376
P19,2026-08-23T15:56:24.387858,Prigioniero,0,llm_ttft,0.237
P19,2026-08-23T15:56:26.410390,Prigioniero,0,tts_http_request,2.004
P19,2026-08-23T15:56:26.655041,Prigioniero,0,llm_full,2.5037
P19,2026-08-23T15:56:27.189308,Prigioniero,0,tts_http_request,0.5337
P19,2026-08-23T15:56:35.868466,Prigioniero,0,stt_transcription,0.2872
P19,2026-08-23T15:56:36.062493,Prigioniero,1,mm_llm_detect,0.0658
P19,2026-08-23T15:56:36.225102,Prigioniero,1,mm_llm_detect,0.1617
P19,2026-08-23T15:56:36.441518,Prigioniero,1,mm_llm_clarify,0.2158
P19,2026-08-23T15:56:36.469542,Prigioniero,1,mm_llm_intent,0.0277
P19,2026-08-23T15:56:36.723550,Prigioniero,1,mm_llm_intent,0.2531
P19,2026-08-23T15:56:39.707903,Prigioniero,1,tts_http_request,3.2643
P19,2026-08-23T15:56:56.206067,Prigioniero,1,stt_transcription,0.4445
P19,2026-08-23T15:56:57.205176,Prigioniero,2,mm_llm_detect,0.076
P19,2026-08-23T15:56:57.375824,Prigioniero,2,mm_llm_detect,0.1704
P19,2026-08-23T15:56:57.591082,Prigioniero,2,mm_llm_opening,0.214
P19,2026-08-23T15:56:57.619784,Prigioniero,2,mm_llm_intent,0.0272
P19,2026-08-23T15:56:57.876150,Prigioniero,2,mm_llm_intent,0.2566
P19,2026-08-23T15:56:59.951068,Prigioniero,2,tts_http_request,2.3584
P19,2026-08-23T15:57:15.040476,Prigioniero,2,stt_transcription,0.4579
P19,2026-08-23T15:57:16.027535,Prigioniero,3,mm_llm_parse,0.0668
P19,2026-08-23T15:57:16.450290,Prigioniero,3,mm_llm_parse,0.423
P19,2026-08-23T15:57:17.024513,Prigioniero,3,mm_llm_counter,0.5729
P19,2026-08-23T15:57:18.726162,Prigioniero,3,tts_http_request,1.6997
P19,2026-08-23T15:57:29.184883,Prigioniero,3,stt_transcription,0.5225
P19,2026-08-23T15:57:29.371190,Prigioniero,4,mm_llm_parse,0.0795
P19,2026-08-23T15:57:29.530022,Prigioniero,4,mm_llm_parse,0.159
P19,2026-08-23T15:57:29.691475,Prigioniero,4,mm_llm_counter,0.1608
P19,2026-08-23T15:57:31.365327,Prigioniero,4,tts_http_request,1.6725
P19,2026-08-23T15:57:43.063162,Prigioniero,4,stt_transcription,0.4411
P19,2026-08-23T15:57:43.256639,Prigioniero,5,mm_llm_parse,0.0653
P19,2026-08-23T15:57:43.420670,Prigioniero,5,mm_llm_parse,0.1634
P19,2026-08-23T15:57:43.605332,Prigioniero,5,mm_llm_close,0.1838
P19,2026-08-23T15:57:44.625527,Prigioniero,5,tts_http_request,1.0126
P19,2026-08-23T15:57:53.459516,Prigioniero,5,stt_transcription,0.422
P19,2026-08-23T15:57:54.013856,Prigioniero,6,tts_http_request,0.436
P19,2026-08-23T15:58:01.843900,Prigioniero,0,llm_ttft,0.4422
P19,2026-08-23T15:58:02.964040,Prigioniero,0,tts_http_request,1.0948
P19,2026-08-23T15:58:03.203470,Prigioniero,0,llm_full,1.8024
P19,2026-08-23T15:58:10.949992,Prigioniero,0,stt_transcription,0.384
P19,2026-08-23T15:58:11.149348,Prigioniero,1,mm_llm_detect,0.0736
P19,2026-08-23T15:58:11.274408,Prigioniero,1,mm_llm_detect,0.1243
P19,2026-08-23T15:58:11.613412,Prigioniero,1,mm_llm_clarify,0.3376
P19,2026-08-23T15:58:11.640935,Prigioniero,1,mm_llm_intent,0.0273
P19,2026-08-23T15:58:11.858662,Prigioniero,1,mm_llm_intent,0.2172
P19,2026-08-23T15:58:14.583672,Prigioniero,1,tts_http_request,2.9688
P19,2026-08-23T15:58:31.598252,Prigioniero,1,stt_transcription,0.3659
P19,2026-08-23T15:58:32.573964,Prigioniero,2,mm_llm_detect,0.0468
P19,2026-08-23T15:58:32.747402,Prigioniero,2,mm_llm_detect,0.173
P19,2026-08-23T15:58:32.935086,Prigioniero,2,mm_llm_opening,0.1862
P19,2026-08-23T15:58:32.963059,Prigioniero,2,mm_llm_intent,0.0272
P19,2026-08-23T15:58:33.218292,Prigioniero,2,mm_llm_intent,0.2549
P19,2026-08-23T15:58:35.061662,Prigioniero,2,tts_http_request,2.1253
P19,2026-08-23T15:58:46.834137,Prigioniero,2,stt_transcription,0.4614
P19,2026-08-23T15:58:47.830125,Prigioniero,3,mm_llm_parse,0.0736
P19,2026-08-23T15:58:48.003404,Prigioniero,3,mm_llm_parse,0.1727
P19,2026-08-23T15:58:48.180809,Prigioniero,3,mm_llm_counter,0.176
P19,2026-08-23T15:58:49.723739,Prigioniero,3,tts_http_request,1.5417
P19,2026-08-23T15:59:00.754790,Prigioniero,3,stt_transcription,0.4619
P19,2026-08-23T15:59:00.925572,Prigioniero,4,mm_llm_parse,0.0646
P19,2026-08-23T15:59:01.399937,Prigioniero,4,mm_llm_parse,0.4733
P19,2026-08-23T15:59:01.600207,Prigioniero,4,mm_llm_counter,0.2001
P19,2026-08-23T15:59:03.397028,Prigioniero,4,tts_http_request,1.7946
P19,2026-08-23T15:59:15.887175,Prigioniero,4,stt_transcription,0.3908
P19,2026-08-23T15:59:16.876009,Prigioniero,5,mm_llm_parse,0.0622
P19,2026-08-23T15:59:17.046094,Prigioniero,5,mm_llm_parse,0.1702
P19,2026-08-23T15:59:17.255216,Prigioniero,5,mm_llm_counter,0.2074
P19,2026-08-23T15:59:18.990600,Prigioniero,5,tts_http_request,1.7339
P19,2026-08-23T15:59:30.911063,Prigioniero,5,stt_transcription,0.4427
P19,2026-08-23T15:59:31.900077,Prigioniero,6,mm_llm_parse,0.0742
P19,2026-08-23T15:59:32.033141,Prigioniero,6,mm_llm_parse,0.1323
P19,2026-08-23T15:59:32.219169,Prigioniero,6,mm_llm_counter,0.185
P19,2026-08-23T15:59:34.529145,Prigioniero,6,tts_http_request,2.3088
P19,2026-08-23T15:59:50.729531,Prigioniero,6,stt_transcription,0.3812
P19,2026-08-23T15:59:51.712720,Prigioniero,7,mm_llm_parse,0.0702
P19,2026-08-23T15:59:51.903718,Prigioniero,7,mm_llm_parse,0.1907
P19,2026-08-23T15:59:52.100898,Prigioniero,7,mm_llm_counter,0.1953
P19,2026-08-23T15:59:53.356354,Prigioniero,7,tts_http_request,1.2549
P19,2026-08-23T16:00:06.139935,Prigioniero,7,stt_transcription,0.4009
P19,2026-08-23T16:00:07.134989,Prigioniero,8,mm_llm_parse,0.0789
P19,2026-08-23T16:00:07.403225,Prigioniero,8,mm_llm_parse,0.2673
P19,2026-08-23T16:00:07.585184,Prigioniero,8,mm_llm_close,0.1811
P19,2026-08-23T16:00:09.481900,Prigioniero,8,tts_http_request,1.8925
P19,2026-08-23T16:00:21.945549,Prigioniero,8,stt_transcription,0.4659
P19,2026-08-23T16:00:23.504167,Prigioniero,9,tts_http_request,0.4917
P19,2026-08-23T16:00:34.027063,Prigioniero,0,llm_ttft,0.3999
P19,2026-08-23T16:00:34.689844,Prigioniero,0,tts_http_request,0.6431
P19,2026-08-23T16:00:34.937131,Prigioniero,0,llm_full,1.31
P19,2026-08-23T16:00:36.020675,Prigioniero,0,tts_http_request,1.0826
P19,2026-08-23T16:00:49.114597,Prigioniero,0,stt_transcription,0.456
P19,2026-08-23T16:00:49.312988,Prigioniero,1,mm_llm_detect,0.0769
P19,2026-08-23T16:00:49.475667,Prigioniero,1,mm_llm_detect,0.1621
P19,2026-08-23T16:00:49.667488,Prigioniero,1,mm_llm_clarify,0.1915
P19,2026-08-23T16:00:49.696759,Prigioniero,1,mm_llm_intent,0.0282
P19,2026-08-23T16:00:49.922888,Prigioniero,1,mm_llm_intent,0.2258
P19,2026-08-23T16:00:51.413555,Prigioniero,1,tts_http_request,1.744
P19,2026-08-23T16:01:03.793484,Prigioniero,1,stt_transcription,0.4333
P19,2026-08-23T16:01:04.792262,Prigioniero,2,mm_llm_detect,0.0705
P19,2026-08-23T16:01:04.977522,Prigioniero,2,mm_llm_detect,0.185
P19,2026-08-23T16:01:05.197392,Prigioniero,2,mm_llm_opening,0.2192
P19,2026-08-23T16:01:05.229020,Prigioniero,2,mm_llm_intent,0.0307
P19,2026-08-23T16:01:05.446602,Prigioniero,2,mm_llm_intent,0.2171
P19,2026-08-23T16:01:07.340256,Prigioniero,2,tts_http_request,2.141
P19,2026-08-23T16:01:24.601907,Prigioniero,2,stt_transcription,0.4112
P19,2026-08-23T16:01:25.589030,Prigioniero,3,mm_llm_parse,0.0664
P19,2026-08-23T16:01:25.717943,Prigioniero,3,mm_llm_parse,0.1291
P19,2026-08-23T16:01:26.256991,Prigioniero,3,mm_llm_counter,0.5379
P19,2026-08-23T16:01:28.012840,Prigioniero,3,tts_http_request,1.7537
P19,2026-08-23T16:01:38.234277,Prigioniero,3,stt_transcription,0.3731
P19,2026-08-23T16:01:38.428670,Prigioniero,4,mm_llm_parse,0.0677
P19,2026-08-23T16:01:38.590624,Prigioniero,4,mm_llm_parse,0.1619
P19,2026-08-23T16:01:38.788011,Prigioniero,4,mm_llm_counter,0.1965
P19,2026-08-23T16:01:41.045515,Prigioniero,4,tts_http_request,2.2556
P19,2026-08-23T16:01:54.372578,Prigioniero,4,stt_transcription,0.4421
P19,2026-08-23T16:01:55.375180,Prigioniero,5,mm_llm_parse,0.0765
P19,2026-08-23T16:01:55.508169,Prigioniero,5,mm_llm_parse,0.133
P19,2026-08-23T16:01:55.680121,Prigioniero,5,mm_llm_counter,0.1709
P19,2026-08-23T16:01:57.294229,Prigioniero,5,tts_http_request,1.6126
P19,2026-08-23T16:02:09.759944,Prigioniero,5,stt_transcription,0.44
P19,2026-08-23T16:02:10.748588,Prigioniero,6,mm_llm_parse,0.0718
P19,2026-08-23T16:02:10.918507,Prigioniero,6,mm_llm_parse,0.1692
P19,2026-08-23T16:02:11.114453,Prigioniero,6,mm_llm_counter,0.1953
P19,2026-08-23T16:02:12.471823,Prigioniero,6,tts_http_request,1.356
P19,2026-08-23T16:02:22.741809,Prigioniero,6,stt_transcription,0.4314
P19,2026-08-23T16:02:22.909678,Prigioniero,7,mm_llm_parse,0.0607
P19,2026-08-23T16:02:23.074848,Prigioniero,7,mm_llm_parse,0.165
P19,2026-08-23T16:02:23.642759,Prigioniero,7,mm_llm_counter,0.5667
P19,2026-08-23T16:02:25.690654,Prigioniero,7,tts_http_request,2.0471
P19,2026-08-23T16:02:35.709815,Prigioniero,7,stt_transcription,0.4426
P19,2026-08-23T16:02:35.902733,Prigioniero,8,mm_llm_parse,0.0664
P19,2026-08-23T16:02:36.064230,Prigioniero,8,mm_llm_parse,0.1613
P19,2026-08-23T16:02:36.264506,Prigioniero,8,mm_llm_close,0.1991
P19,2026-08-23T16:02:37.937552,Prigioniero,8,tts_http_request,1.6664
P19,2026-08-23T16:02:46.771366,Prigioniero,8,stt_transcription,0.4259
P19,2026-08-23T16:02:47.347492,Prigioniero,9,tts_http_request,0.4636
P20,2026-08-23T16:06:17.296632,Prigioniero,0,llm_ttft,0.261
P20,2026-08-23T16:06:19.730997,Prigioniero,0,tts_http_request,2.3975
P20,2026-08-23T16:06:19.994973,Prigioniero,0,llm_full,2.9589
P20,2026-08-23T16:06:20.428254,Prigioniero,0,tts_http_request,0.4328
P20,2026-08-23T16:06:35.355190,Prigioniero,0,stt_transcription,0.1997
P20,2026-08-23T16:06:35.547167,Prigioniero,1,mm_llm_detect,0.0759
P20,2026-08-23T16:06:35.714042,Prigioniero,1,mm_llm_detect,0.1665
P20,2026-08-23T16:06:37.552032,Prigioniero,1,mm_llm_clarify,1.8371
P20,2026-08-23T16:06:37.582689,Prigioniero,1,mm_llm_intent,0.0294
P20,2026-08-23T16:06:37.836402,Prigioniero,1,mm_llm_intent,0.254
P20,2026-08-23T16:06:39.764550,Prigioniero,1,tts_http_request,2.2093
P20,2026-08-23T16:06:54.996666,Prigioniero,1,stt_transcription,0.3853
P20,2026-08-23T16:06:55.994778,Prigioniero,2,mm_llm_detect,0.0795
P20,2026-08-23T16:06:56.168702,Prigioniero,2,mm_llm_detect,0.1737
P20,2026-08-23T16:06:56.386889,Prigioniero,2,mm_llm_opening,0.2181
P20,2026-08-23T16:06:56.415443,Prigioniero,2,mm_llm_intent,0.0265
P20,2026-08-23T16:06:56.676050,Prigioniero,2,mm_llm_intent,0.2608
P20,2026-08-23T16:06:58.005973,Prigioniero,2,tts_http_request,1.6158
P20,2026-08-23T16:07:11.254510,Prigioniero,2,stt_transcription,0.4527
P20,2026-08-23T16:07:12.242071,Prigioniero,3,mm_llm_parse,0.0635
P20,2026-08-23T16:07:12.797413,Prigioniero,3,mm_llm_parse,0.5555
P20,2026-08-23T16:07:13.006454,Prigioniero,3,mm_llm_counter,0.2073
P20,2026-08-23T16:07:14.779853,Prigioniero,3,tts_http_request,1.7695
P20,2026-08-23T16:07:27.412469,Prigioniero,3,stt_transcription,0.4509
P20,2026-08-23T16:07:28.413671,Prigioniero,4,mm_llm_parse,0.0721
P20,2026-08-23T16:07:28.581183,Prigioniero,4,mm_llm_parse,0.1672
P20,2026-08-23T16:07:28.755474,Prigioniero,4,mm_llm_close,0.1734
P20,2026-08-23T16:07:29.989504,Prigioniero,4,tts_http_request,1.2264
P20,2026-08-23T16:07:39.749414,Prigioniero,4,stt_transcription,0.437
P20,2026-08-23T16:07:40.255591,Prigioniero,5,tts_http_request,0.3647
P20,2026-08-23T16:07:49.904574,Prigioniero,0,llm_ttft,0.38
P20,2026-08-23T16:07:50.312094,Prigioniero,0,tts_http_request,0.3923
P20,2026-08-23T16:07:50.548198,Prigioniero,0,llm_full,1.0232
P20,2026-08-23T16:07:51.599705,Prigioniero,0,tts_http_request,1.051
P20,2026-08-23T16:08:02.665585,Prigioniero,0,stt_transcription,0.4271
P20,2026-08-23T16:08:02.852088,Prigioniero,1,mm_llm_detect,0.0669
P20,2026-08-23T16:08:03.026719,Prigioniero,1,mm_llm_detect,0.1742
P20,2026-08-23T16:08:03.230130,Prigioniero,1,mm_llm_clarify,0.2037
P20,2026-08-23T16:08:03.258582,Prigioniero,1,mm_llm_intent,0.0275
P20,2026-08-23T16:08:03.515955,Prigioniero,1,mm_llm_intent,0.2562
P20,2026-08-23T16:08:05.826257,Prigioniero,1,tts_http_request,2.5938
P20,2026-08-23T16:08:22.556955,Prigioniero,1,stt_transcription,0.401
P20,2026-08-23T16:08:23.545214,Prigioniero,2,mm_llm_detect,0.0733
P20,2026-08-23T16:08:23.683080,Prigioniero,2,mm_llm_detect,0.1372
P20,2026-08-23T16:08:23.888981,Prigioniero,2,mm_llm_opening,0.2043
P20,2026-08-23T16:08:23.916636,Prigioniero,2,mm_llm_intent,0.0265
P20,2026-08-23T16:08:24.171875,Prigioniero,2,mm_llm_intent,0.2556
P20,2026-08-23T16:08:26.734329,Prigioniero,2,tts_http_request,2.8432
P20,2026-08-23T16:08:47.298136,Prigioniero,2,stt_transcription,0.3715
P20,2026-08-23T16:08:48.293712,Prigioniero,3,mm_llm_parse,0.0674
P20,2026-08-23T16:08:48.463112,Prigioniero,3,mm_llm_parse,0.1688
P20,2026-08-23T16:08:48.642243,Prigioniero,3,mm_llm_close,0.1785
P20,2026-08-23T16:08:50.037658,Prigioniero,3,tts_http_request,1.3893
P20,2026-08-23T16:08:59.849795,Prigioniero,3,stt_transcription,0.3835
P20,2026-08-23T16:09:00.260673,Prigioniero,4,tts_http_request,0.2865
P20,2026-08-23T16:09:11.413970,Prigioniero,0,llm_ttft,1.9868
P20,2026-08-23T16:09:12.518190,Prigioniero,0,tts_http_request,1.0792
P20,2026-08-23T16:09:12.774177,Prigioniero,0,llm_full,3.3472
P20,2026-08-23T16:09:13.476400,Prigioniero,0,tts_http_request,0.7012
P20,2026-08-23T16:09:24.988159,Prigioniero,0,stt_transcription,0.4628
P20,2026-08-23T16:09:25.167969,Prigioniero,1,mm_llm_detect,0.067
P20,2026-08-23T16:09:25.293584,Prigioniero,1,mm_llm_detect,0.1252
P20,2026-08-23T16:09:25.439769,Prigioniero,1,mm_llm_clarify,0.1454
P20,2026-08-23T16:09:25.470297,Prigioniero,1,mm_llm_intent,0.0297
P20,2026-08-23T16:09:25.687536,Prigioniero,1,mm_llm_intent,0.2161
P20,2026-08-23T16:09:27.615011,Prigioniero,1,tts_http_request,2.1735
P20,2026-08-23T16:09:41.673472,Prigioniero,1,stt_transcription,0.3532
P20,2026-08-23T16:09:42.658673,Prigioniero,2,mm_llm_detect,0.0686
P20,2026-08-23T16:09:42.824363,Prigioniero,2,mm_llm_detect,0.1657
P20,2026-08-23T16:09:43.021595,Prigioniero,2,mm_llm_opening,0.1965
P20,2026-08-23T16:09:43.051328,Prigioniero,2,mm_llm_intent,0.0283
P20,2026-08-23T16:09:43.670503,Prigioniero,2,mm_llm_intent,0.6186
P20,2026-08-23T16:09:45.034764,Prigioniero,2,tts_http_request,2.01
P20,2026-08-23T16:09:56.800334,Prigioniero,2,stt_transcription,0.4396
P20,2026-08-23T16:09:57.798757,Prigioniero,3,mm_llm_parse,0.0798
P20,2026-08-23T16:09:58.064430,Prigioniero,3,mm_llm_parse,0.2656
P20,2026-08-23T16:09:58.238882,Prigioniero,3,mm_llm_counter,0.1725
P20,2026-08-23T16:09:59.150130,Prigioniero,3,tts_http_request,0.9105
P20,2026-08-23T16:10:08.860453,Prigioniero,3,stt_transcription,0.4701
P20,2026-08-23T16:10:09.058390,Prigioniero,4,mm_llm_parse,0.0713
P20,2026-08-23T16:10:09.228116,Prigioniero,4,mm_llm_parse,0.1689
P20,2026-08-23T16:10:09.457369,Prigioniero,4,mm_llm_counter,0.2286
P20,2026-08-23T16:10:10.726746,Prigioniero,4,tts_http_request,1.2667
P20,2026-08-23T16:10:20.262892,Prigioniero,4,stt_transcription,0.4507
P20,2026-08-23T16:10:20.457831,Prigioniero,5,mm_llm_parse,0.0761
P20,2026-08-23T16:10:20.613498,Prigioniero,5,mm_llm_parse,0.1554
P20,2026-08-23T16:10:20.769348,Prigioniero,5,mm_llm_counter,0.1545
P20,2026-08-23T16:10:22.363965,Prigioniero,5,tts_http_request,1.5939
P20,2026-08-23T16:10:31.650818,Prigioniero,5,stt_transcription,0.3687
P20,2026-08-23T16:10:31.824852,Prigioniero,6,mm_llm_parse,0.0634
P20,2026-08-23T16:10:31.991638,Prigioniero,6,mm_llm_parse,0.1666
P20,2026-08-23T16:10:32.184928,Prigioniero,6,mm_llm_counter,0.192
P20,2026-08-23T16:10:33.830546,Prigioniero,6,tts_http_request,1.6447
P20,2026-08-23T16:10:42.732301,Prigioniero,6,stt_transcription,0.3725
P20,2026-08-23T16:10:42.932808,Prigioniero,7,mm_llm_parse,0.073
P20,2026-08-23T16:10:43.277998,Prigioniero,7,mm_llm_parse,0.3444
P20,2026-08-23T16:10:43.440389,Prigioniero,7,mm_llm_close,0.1617
P20,2026-08-23T16:10:44.718450,Prigioniero,7,tts_http_request,1.2708
P20,2026-08-23T16:10:52.111420,Prigioniero,7,stt_transcription,0.3502
P20,2026-08-23T16:10:52.659769,Prigioniero,8,tts_http_request,0.4185
P21,2026-08-28T10:37:35.553315,Prigioniero,0,llm_ttft,0.2391
P21,2026-08-28T10:37:38.703540,Prigioniero,0,tts_http_request,3.1347
P21,2026-08-28T10:37:38.963801,Prigioniero,0,llm_full,3.6505
P21,2026-08-28T10:37:39.810518,Prigioniero,0,tts_http_request,0.8451
P21,2026-08-28T10:37:51.842933,Prigioniero,0,stt_transcription,0.2344
P21,2026-08-28T10:37:52.038946,Prigioniero,1,mm_llm_detect,0.0709
P21,2026-08-28T10:37:52.344210,Prigioniero,1,mm_llm_detect,0.3057
P21,2026-08-28T10:37:52.544476,Prigioniero,1,mm_llm_clarify,0.1982
P21,2026-08-28T10:37:52.573014,Prigioniero,1,mm_llm_intent,0.0277
P21,2026-08-28T10:37:52.827099,Prigioniero,1,mm_llm_intent,0.2543
P21,2026-08-28T10:37:54.576457,Prigioniero,1,tts_http_request,2.03
P21,2026-08-28T10:38:09.850817,Prigioniero,1,stt_transcription,0.3884
P21,2026-08-28T10:38:10.839234,Prigioniero,2,mm_llm_detect,0.0719
P21,2026-08-28T10:38:11.030160,Prigioniero,2,mm_llm_detect,0.1903
P21,2026-08-28T10:38:11.246077,Prigioniero,2,mm_llm_opening,0.2152
P21,2026-08-28T10:38:11.274627,Prigioniero,2,mm_llm_intent,0.0271
P21,2026-08-28T10:38:11.570047,Prigioniero,2,mm_llm_intent,0.2941
P21,2026-08-28T10:38:14.299178,Prigioniero,2,tts_http_request,3.0496
P21,2026-08-28T10:38:34.682802,Prigioniero,2,stt_transcription,0.45
P21,2026-08-28T10:38:35.671986,Prigioniero,3,mm_llm_parse,0.0673
P21,2026-08-28T10:38:35.844326,Prigioniero,3,mm_llm_parse,0.1717
P21,2026-08-28T10:38:36.020068,Prigioniero,3,mm_llm_counter,0.1747
P21,2026-08-28T10:38:37.127717,Prigioniero,3,tts_http_request,1.1025
P21,2026-08-28T10:38:45.382171,Prigioniero,3,stt_transcription,0.3683
P21,2026-08-28T10:38:45.564460,Prigioniero,4,mm_llm_parse,0.0703
P21,2026-08-28T10:38:45.735042,Prigioniero,4,mm_llm_parse,0.1707
P21,2026-08-28T10:38:45.966097,Prigioniero,4,mm_llm_counter,0.2302
P21,2026-08-28T10:38:48.152978,Prigioniero,4,tts_http_request,2.1852
P21,2026-08-28T10:38:59.627002,Prigioniero,4,stt_transcription,0.3699
P21,2026-08-28T10:38:59.839585,Prigioniero,5,mm_llm_parse,0.0826
P21,2026-08-28T10:39:00.007010,Prigioniero,5,mm_llm_parse,0.1672
P21,2026-08-28T10:39:00.217448,Prigioniero,5,mm_llm_counter,0.2084
P21,2026-08-28T10:39:01.242900,Prigioniero,5,tts_http_request,1.0248
P21,2026-08-28T10:39:11.475264,Prigioniero,5,stt_transcription,0.3653
P21,2026-08-28T10:39:11.663194,Prigioniero,6,mm_llm_parse,0.0719
P21,2026-08-28T10:39:11.822212,Prigioniero,6,mm_llm_parse,0.1592
P21,2026-08-28T10:39:11.997490,Prigioniero,6,mm_llm_close,0.1739
P21,2026-08-28T10:39:13.055763,Prigioniero,6,tts_http_request,1.0493
P21,2026-08-28T10:39:20.882836,Prigioniero,6,stt_transcription,0.441
P21,2026-08-28T10:39:21.403812,Prigioniero,7,tts_http_request,0.3913
P21,2026-08-28T10:39:28.989590,Prigioniero,0,llm_ttft,1.5096
P21,2026-08-28T10:39:29.782719,Prigioniero,0,tts_http_request,0.7738
P21,2026-08-28T10:39:30.027808,Prigioniero,0,llm_full,2.5474
P21,2026-08-28T10:39:31.095527,Prigioniero,0,tts_http_request,1.0674
P21,2026-08-28T10:39:44.297384,Prigioniero,0,stt_transcription,0.3794
P21,2026-08-28T10:39:44.509485,Prigioniero,1,mm_llm_detect,0.0741
P21,2026-08-28T10:39:44.684114,Prigioniero,1,mm_llm_detect,0.1742
P21,2026-08-28T10:39:44.930432,Prigioniero,1,mm_llm_clarify,0.245
P21,2026-08-28T10:39:44.960457,Prigioniero,1,mm_llm_intent,0.0293
P21,2026-08-28T10:39:45.215416,Prigioniero,1,mm_llm_intent,0.2545
P21,2026-08-28T10:39:48.935426,Prigioniero,1,tts_http_request,4.0028
P21,2026-08-28T10:40:09.775165,Prigioniero,1,stt_transcription,0.4472
P21,2026-08-28T10:40:10.770657,Prigioniero,2,mm_llm_detect,0.0677
P21,2026-08-28T10:40:10.964319,Prigioniero,2,mm_llm_detect,0.1937
P21,2026-08-28T10:40:11.257155,Prigioniero,2,mm_llm_opening,0.292
P21,2026-08-28T10:40:11.289041,Prigioniero,2,mm_llm_intent,0.0302
P21,2026-08-28T10:40:11.542729,Prigioniero,2,mm_llm_intent,0.2532
P21,2026-08-28T10:40:13.889966,Prigioniero,2,tts_http_request,2.6306
P21,2026-08-28T10:40:30.994408,Prigioniero,2,stt_transcription,0.4452
P21,2026-08-28T10:40:31.984205,Prigioniero,3,mm_llm_parse,0.0649
P21,2026-08-28T10:40:32.150717,Prigioniero,3,mm_llm_parse,0.1665
P21,2026-08-28T10:40:32.342175,Prigioniero,3,mm_llm_counter,0.1905
P21,2026-08-28T10:40:33.601168,Prigioniero,3,tts_http_request,1.257
P21,2026-08-28T10:40:44.770628,Prigioniero,3,stt_transcription,0.4613
P21,2026-08-28T10:40:44.945205,Prigioniero,4,mm_llm_parse,0.0666
P21,2026-08-28T10:40:45.114824,Prigioniero,4,mm_llm_parse,0.1694
P21,2026-08-28T10:40:45.304309,Prigioniero,4,mm_llm_counter,0.1878
P21,2026-08-28T10:40:46.581447,Prigioniero,4,tts_http_request,1.2763
P21,2026-08-28T10:40:55.048418,Prigioniero,4,stt_transcription,0.4338
P21,2026-08-28T10:40:55.228227,Prigioniero,5,mm_llm_parse,0.0726
P21,2026-08-28T10:40:55.395681,Prigioniero,5,mm_llm_parse,0.1667
P21,2026-08-28T10:40:55.591678,Prigioniero,5,mm_llm_close,0.1948
P21,2026-08-28T10:40:57.349211,Prigioniero,5,tts_http_request,1.7511
P21,2026-08-28T10:41:08.147858,Prigioniero,5,stt_transcription,0.4361
P21,2026-08-28T10:41:08.623908,Prigioniero,6,tts_http_request,0.372
P21,2026-08-28T10:41:16.588783,Prigioniero,0,llm_ttft,1.1277
P21,2026-08-28T10:41:17.453109,Prigioniero,0,tts_http_request,0.8346
P21,2026-08-28T10:41:17.697158,Prigioniero,0,llm_full,2.2362
P21,2026-08-28T10:41:18.908793,Prigioniero,0,tts_http_request,1.2105
P21,2026-08-28T10:41:30.834578,Prigioniero,0,stt_transcription,0.4538
P21,2026-08-28T10:41:31.031497,Prigioniero,1,mm_llm_detect,0.0732
P21,2026-08-28T10:41:31.197640,Prigioniero,1,mm_llm_detect,0.166
P21,2026-08-28T10:41:31.416394,Prigioniero,1,mm_llm_clarify,0.2173
P21,2026-08-28T10:41:31.447431,Prigioniero,1,mm_llm_intent,0.0306
P21,2026-08-28T10:41:31.715357,Prigioniero,1,mm_llm_intent,0.2673
P21,2026-08-28T10:41:34.487793,Prigioniero,1,tts_http_request,3.0691
P21,2026-08-28T10:41:44.880196,Prigioniero,1,stt_transcription,0.4404
P21,2026-08-28T10:41:45.083711,Prigioniero,2,mm_llm_detect,0.072
P21,2026-08-28T10:41:45.257351,Prigioniero,2,mm_llm_detect,0.1738
P21,2026-08-28T10:41:45.458464,Prigioniero,2,mm_llm_opening,0.2002
P21,2026-08-28T10:41:45.489132,Prigioniero,2,mm_llm_intent,0.0291
P21,2026-08-28T10:41:45.749912,Prigioniero,2,mm_llm_intent,0.261
P21,2026-08-28T10:41:47.699261,Prigioniero,2,tts_http_request,2.2381
P21,2026-08-28T10:42:03.023701,Prigioniero,2,stt_transcription,0.4471
P21,2026-08-28T10:42:04.022665,Prigioniero,3,mm_llm_parse,0.0755
P21,2026-08-28T10:42:04.359182,Prigioniero,3,mm_llm_parse,0.3354
P21,2026-08-28T10:42:05.395725,Prigioniero,3,mm_llm_counter,1.0363
P21,2026-08-28T10:42:06.675580,Prigioniero,3,tts_http_request,1.2783
P21,2026-08-28T10:42:16.981965,Prigioniero,3,stt_transcription,0.3551
P21,2026-08-28T10:42:17.170716,Prigioniero,4,mm_llm_parse,0.0647
P21,2026-08-28T10:42:17.332878,Prigioniero,4,mm_llm_parse,0.1614
P21,2026-08-28T10:42:17.730262,Prigioniero,4,mm_llm_counter,0.3962
P21,2026-08-28T10:42:19.206505,Prigioniero,4,tts_http_request,1.4746
P21,2026-08-28T10:42:28.432103,Prigioniero,4,stt_transcription,0.4596
P21,2026-08-28T10:42:28.618861,Prigioniero,5,mm_llm_parse,0.077
P21,2026-08-28T10:42:28.783198,Prigioniero,5,mm_llm_parse,0.1641
P21,2026-08-28T10:42:28.976019,Prigioniero,5,mm_llm_counter,0.1923
P21,2026-08-28T10:42:30.096564,Prigioniero,5,tts_http_request,1.1185
P21,2026-08-28T10:42:37.822324,Prigioniero,5,stt_transcription,0.4415
P21,2026-08-28T10:42:38.026686,Prigioniero,6,mm_llm_parse,0.0666
P21,2026-08-28T10:42:38.229399,Prigioniero,6,mm_llm_parse,0.2023
P21,2026-08-28T10:42:38.432526,Prigioniero,6,mm_llm_counter,0.2019
P21,2026-08-28T10:42:39.848531,Prigioniero,6,tts_http_request,1.4142
P21,2026-08-28T10:42:48.387176,Prigioniero,6,stt_transcription,0.3593
P21,2026-08-28T10:42:48.567368,Prigioniero,7,mm_llm_parse,0.0605
P21,2026-08-28T10:42:48.740298,Prigioniero,7,mm_llm_parse,0.1738
P21,2026-08-28T10:42:48.941735,Prigioniero,7,mm_llm_close,0.1995
P21,2026-08-28T10:42:50.352060,Prigioniero,7,tts_http_request,1.4038
P21,2026-08-28T10:42:59.171227,Prigioniero,7,stt_transcription,0.3691
P21,2026-08-28T10:42:59.624506,Prigioniero,8,tts_http_request,0.3134
P22,2026-08-28T10:53:03.856750,Prigioniero,0,llm_ttft,0.2306
P22,2026-08-28T10:53:06.330762,Prigioniero,0,tts_http_request,2.4575
P22,2026-08-28T10:53:06.588399,Prigioniero,0,llm_full,2.963
P22,2026-08-28T10:53:07.854826,Prigioniero,0,tts_http_request,1.265
P22,2026-08-28T10:53:23.064880,Prigioniero,0,stt_transcription,0.223
P22,2026-08-28T10:53:24.053898,Prigioniero,1,mm_llm_detect,0.0683
P22,2026-08-28T10:53:24.236745,Prigioniero,1,mm_llm_detect,0.1826
P22,2026-08-28T10:53:24.415643,Prigioniero,1,mm_llm_clarify,0.1774
P22,2026-08-28T10:53:24.443697,Prigioniero,1,mm_llm_intent,0.0273
P22,2026-08-28T10:53:24.689177,Prigioniero,1,mm_llm_intent,0.2451
P22,2026-08-28T10:53:25.948322,Prigioniero,1,tts_http_request,1.5307
P22,2026-08-28T10:53:38.731462,Prigioniero,1,stt_transcription,0.44
P22,2026-08-28T10:53:39.736110,Prigioniero,2,mm_llm_detect,0.0762
P22,2026-08-28T10:53:39.908715,Prigioniero,2,mm_llm_detect,0.1725
P22,2026-08-28T10:53:40.095647,Prigioniero,2,mm_llm_opening,0.1855
P22,2026-08-28T10:53:40.124185,Prigioniero,2,mm_llm_intent,0.0277
P22,2026-08-28T10:53:40.389327,Prigioniero,2,mm_llm_intent,0.2649
P22,2026-08-28T10:53:41.665356,Prigioniero,2,tts_http_request,1.5678
P22,2026-08-28T10:53:59.585278,Prigioniero,2,stt_transcription,0.462
P22,2026-08-28T10:54:00.583458,Prigioniero,3,mm_llm_parse,0.0728
P22,2026-08-28T10:54:00.755575,Prigioniero,3,mm_llm_parse,0.1708
P22,2026-08-28T10:54:00.959869,Prigioniero,3,mm_llm_close,0.2039
P22,2026-08-28T10:54:02.254392,Prigioniero,3,tts_http_request,1.2899
P22,2026-08-28T10:54:12.318845,Prigioniero,3,stt_transcription,0.3556
P22,2026-08-28T10:54:12.864774,Prigioniero,4,tts_http_request,0.4322
P22,2026-08-28T10:54:24.804062,Prigioniero,0,llm_ttft,0.4202
P22,2026-08-28T10:54:25.766009,Prigioniero,0,tts_http_request,0.9446
P22,2026-08-28T10:54:26.014186,Prigioniero,0,llm_full,1.6308
P22,2026-08-28T10:54:27.022130,Prigioniero,0,tts_http_request,1.0063
P22,2026-08-28T10:54:39.726649,Prigioniero,0,stt_transcription,0.3809
P22,2026-08-28T10:54:39.908921,Prigioniero,1,mm_llm_detect,0.056
P22,2026-08-28T10:54:40.083432,Prigioniero,1,mm_llm_detect,0.1734
P22,2026-08-28T10:54:40.648222,Prigioniero,1,mm_llm_clarify,0.5641
P22,2026-08-28T10:54:40.678881,Prigioniero,1,mm_llm_intent,0.0305
P22,2026-08-28T10:54:40.927931,Prigioniero,1,mm_llm_intent,0.2477
P22,2026-08-28T10:54:43.963243,Prigioniero,1,tts_http_request,3.3126
P22,2026-08-28T10:55:02.379623,Prigioniero,1,stt_transcription,0.3778
P22,2026-08-28T10:55:03.374415,Prigioniero,2,mm_llm_detect,0.0761
P22,2026-08-28T10:55:03.677684,Prigioniero,2,mm_llm_detect,0.3024
P22,2026-08-28T10:55:03.894753,Prigioniero,2,mm_llm_opening,0.2165
P22,2026-08-28T10:55:03.930006,Prigioniero,2,mm_llm_intent,0.031
P22,2026-08-28T10:55:04.205241,Prigioniero,2,mm_llm_intent,0.2748
P22,2026-08-28T10:55:05.545637,Prigioniero,2,tts_http_request,1.6455
P22,2026-08-28T10:55:19.043073,Prigioniero,2,stt_transcription,0.4013
P22,2026-08-28T10:55:20.033846,Prigioniero,3,mm_llm_parse,0.0711
P22,2026-08-28T10:55:20.256788,Prigioniero,3,mm_llm_parse,0.2223
P22,2026-08-28T10:55:20.587055,Prigioniero,3,mm_llm_counter,0.3295
P22,2026-08-28T10:55:21.899056,Prigioniero,3,tts_http_request,1.3106
P22,2026-08-28T10:55:32.086442,Prigioniero,3,stt_transcription,0.3944
P22,2026-08-28T10:55:32.270690,Prigioniero,4,mm_llm_parse,0.069
P22,2026-08-28T10:55:32.436892,Prigioniero,4,mm_llm_parse,0.166
P22,2026-08-28T10:55:32.616834,Prigioniero,4,mm_llm_counter,0.1788
P22,2026-08-28T10:55:33.892414,Prigioniero,4,tts_http_request,1.2734
P22,2026-08-28T10:55:43.908631,Prigioniero,4,stt_transcription,0.4408
P22,2026-08-28T10:55:44.106833,Prigioniero,5,mm_llm_parse,0.0695
P22,2026-08-28T10:55:44.280616,Prigioniero,5,mm_llm_parse,0.174
P22,2026-08-28T10:55:46.004272,Prigioniero,5,mm_llm_counter,1.7217
P22,2026-08-28T10:55:48.001801,Prigioniero,5,tts_http_request,1.9963
P22,2026-08-28T10:56:00.202115,Prigioniero,5,stt_transcription,0.4901
P22,2026-08-28T10:56:01.194077,Prigioniero,6,mm_llm_parse,0.0642
P22,2026-08-28T10:56:01.362827,Prigioniero,6,mm_llm_parse,0.1688
P22,2026-08-28T10:56:01.555427,Prigioniero,6,mm_llm_counter,0.1918
P22,2026-08-28T10:56:02.887611,Prigioniero,6,tts_http_request,1.3305
P22,2026-08-28T10:56:12.695033,Prigioniero,6,stt_transcription,0.3724
P22,2026-08-28T10:56:12.899446,Prigioniero,7,mm_llm_parse,0.0667
P22,2026-08-28T10:56:13.062572,Prigioniero,7,mm_llm_parse,0.1625
P22,2026-08-28T10:56:13.262408,Prigioniero,7,mm_llm_close,0.1987
P22,2026-08-28T10:56:14.574966,Prigioniero,7,tts_http_request,1.3059
P22,2026-08-28T10:56:23.858541,Prigioniero,7,stt_transcription,0.4381
P22,2026-08-28T10:56:24.406868,Prigioniero,8,tts_http_request,0.4179
P22,2026-08-28T10:56:36.311883,Prigioniero,0,llm_ttft,0.3716
P22,2026-08-28T10:56:37.655489,Prigioniero,0,tts_http_request,1.3052
P22,2026-08-28T10:56:37.918064,Prigioniero,0,llm_full,1.9777
P22,2026-08-28T10:56:38.887381,Prigioniero,0,tts_http_request,0.9686
P22,2026-08-28T10:56:52.721619,Prigioniero,0,stt_transcription,0.4395
P22,2026-08-28T10:56:52.952283,Prigioniero,1,mm_llm_detect,0.0918
P22,2026-08-28T10:56:53.111686,Prigioniero,1,mm_llm_detect,0.1585
P22,2026-08-28T10:56:53.337721,Prigioniero,1,mm_llm_clarify,0.2252
P22,2026-08-28T10:56:53.364752,Prigioniero,1,mm_llm_intent,0.0263
P22,2026-08-28T10:56:53.624638,Prigioniero,1,mm_llm_intent,0.2593
P22,2026-08-28T10:56:56.640876,Prigioniero,1,tts_http_request,3.301
P22,2026-08-28T10:57:16.356833,Prigioniero,1,stt_transcription,0.4661
P22,2026-08-28T10:57:17.347019,Prigioniero,2,mm_llm_detect,0.0679
P22,2026-08-28T10:57:17.522403,Prigioniero,2,mm_llm_detect,0.1754
P22,2026-08-28T10:57:17.762460,Prigioniero,2,mm_llm_opening,0.2389
P22,2026-08-28T10:57:17.789996,Prigioniero,2,mm_llm_intent,0.0261
P22,2026-08-28T10:57:18.042544,Prigioniero,2,mm_llm_intent,0.2527
P22,2026-08-28T10:57:22.260052,Prigioniero,2,tts_http_request,4.4957
P22,2026-08-28T10:57:37.685052,Prigioniero,2,stt_transcription,0.3838
P22,2026-08-28T10:57:38.676033,Prigioniero,3,mm_llm_parse,0.0635
P22,2026-08-28T10:57:38.843667,Prigioniero,3,mm_llm_parse,0.1674
P22,2026-08-28T10:57:39.043826,Prigioniero,3,mm_llm_counter,0.1986
P22,2026-08-28T10:57:40.973924,Prigioniero,3,tts_http_request,1.9295
P22,2026-08-28T10:57:54.622229,Prigioniero,3,stt_transcription,0.3915
P22,2026-08-28T10:57:55.610536,Prigioniero,4,mm_llm_parse,0.0682
P22,2026-08-28T10:57:55.780378,Prigioniero,4,mm_llm_parse,0.1686
P22,2026-08-28T10:57:55.948653,Prigioniero,4,mm_llm_close,0.168
P22,2026-08-28T10:57:56.875830,Prigioniero,4,tts_http_request,0.9232
P22,2026-08-28T10:58:05.382324,Prigioniero,4,stt_transcription,0.4312
P22,2026-08-28T10:58:05.799845,Prigioniero,5,tts_http_request,0.3089
P23,2026-08-28T11:00:59.762079,Prigioniero,0,llm_ttft,0.227
P23,2026-08-28T11:01:01.875925,Prigioniero,0,tts_http_request,2.0855
P23,2026-08-28T11:01:02.138248,Prigioniero,0,llm_full,2.6034
P23,2026-08-28T11:01:02.750785,Prigioniero,0,tts_http_request,0.6115
P23,2026-08-28T11:01:15.331041,Prigioniero,0,stt_transcription,0.3002
P23,2026-08-28T11:01:15.522833,Prigioniero,1,mm_llm_detect,0.0761
P23,2026-08-28T11:01:15.706976,Prigioniero,1,mm_llm_detect,0.1838
P23,2026-08-28T11:01:15.948776,Prigioniero,1,mm_llm_clarify,0.2416
P23,2026-08-28T11:01:15.979412,Prigioniero,1,mm_llm_intent,0.0292
P23,2026-08-28T11:01:16.235939,Prigioniero,1,mm_llm_intent,0.2561
P23,2026-08-28T11:01:18.402853,Prigioniero,1,tts_http_request,2.452
P23,2026-08-28T11:01:34.530519,Prigioniero,1,stt_transcription,0.4824
P23,2026-08-28T11:01:35.509684,Prigioniero,2,mm_llm_detect,0.0622
P23,2026-08-28T11:01:35.679863,Prigioniero,2,mm_llm_detect,0.1705
P23,2026-08-28T11:01:35.882719,Prigioniero,2,mm_llm_opening,0.2018
P23,2026-08-28T11:01:35.911749,Prigioniero,2,mm_llm_intent,0.0278
P23,2026-08-28T11:01:36.169621,Prigioniero,2,mm_llm_intent,0.2576
P23,2026-08-28T11:01:37.972630,Prigioniero,2,tts_http_request,2.0874
P23,2026-08-28T11:01:51.199213,Prigioniero,2,stt_transcription,0.4508
P23,2026-08-28T11:01:52.203332,Prigioniero,3,mm_llm_parse,0.0739
P23,2026-08-28T11:01:52.363924,Prigioniero,3,mm_llm_parse,0.1603
P23,2026-08-28T11:01:52.558306,Prigioniero,3,mm_llm_counter,0.1931
P23,2026-08-28T11:01:54.000009,Prigioniero,3,tts_http_request,1.4367
P23,2026-08-28T11:02:03.925216,Prigioniero,3,stt_transcription,0.4368
P23,2026-08-28T11:02:04.121925,Prigioniero,4,mm_llm_parse,0.063
P23,2026-08-28T11:02:05.440641,Prigioniero,4,mm_llm_parse,1.3185
P23,2026-08-28T11:02:05.613404,Prigioniero,4,mm_llm_close,0.1722
P23,2026-08-28T11:02:06.545270,Prigioniero,4,tts_http_request,0.9244
P23,2026-08-28T11:02:13.410191,Prigioniero,4,stt_transcription,0.4416
P23,2026-08-28T11:02:13.983095,Prigioniero,5,tts_http_request,0.443
P23,2026-08-28T11:02:26.070931,Prigioniero,0,llm_ttft,0.412
P23,2026-08-28T11:02:27.271803,Prigioniero,0,tts_http_request,1.1699
P23,2026-08-28T11:02:27.527689,Prigioniero,0,llm_full,1.8695
P23,2026-08-28T11:02:28.494986,Prigioniero,0,tts_http_request,0.9657
P23,2026-08-28T11:02:41.859135,Prigioniero,0,stt_transcription,0.4598
P23,2026-08-28T11:02:42.056538,Prigioniero,1,mm_llm_detect,0.0741
P23,2026-08-28T11:02:42.239018,Prigioniero,1,mm_llm_detect,0.1825
P23,2026-08-28T11:02:42.458565,Prigioniero,1,mm_llm_clarify,0.2189
P23,2026-08-28T11:02:42.490618,Prigioniero,1,mm_llm_intent,0.0315
P23,2026-08-28T11:02:42.754664,Prigioniero,1,mm_llm_intent,0.2631
P23,2026-08-28T11:02:45.696354,Prigioniero,1,tts_http_request,3.2354
P23,2026-08-28T11:03:04.675566,Prigioniero,1,stt_transcription,0.3782
P23,2026-08-28T11:03:05.686545,Prigioniero,2,mm_llm_detect,0.0784
P23,2026-08-28T11:03:05.849599,Prigioniero,2,mm_llm_detect,0.1635
P23,2026-08-28T11:03:06.049673,Prigioniero,2,mm_llm_clarify,0.1985
P23,2026-08-28T11:03:06.076696,Prigioniero,2,mm_llm_intent,0.027
P23,2026-08-28T11:03:06.330714,Prigioniero,2,mm_llm_intent,0.2528
P23,2026-08-28T11:03:08.864301,Prigioniero,2,tts_http_request,2.8128
P23,2026-08-28T11:03:24.258592,Prigioniero,2,stt_transcription,0.3703
P23,2026-08-28T11:03:25.257526,Prigioniero,3,mm_llm_detect,0.0662
P23,2026-08-28T11:03:25.445087,Prigioniero,3,mm_llm_detect,0.187
P23,2026-08-28T11:03:25.641322,Prigioniero,3,mm_llm_opening,0.1959
P23,2026-08-28T11:03:25.670839,Prigioniero,3,mm_llm_intent,0.0287
P23,2026-08-28T11:03:25.918917,Prigioniero,3,mm_llm_intent,0.247
P23,2026-08-28T11:03:27.490072,Prigioniero,3,tts_http_request,1.8465
P23,2026-08-28T11:03:40.801253,Prigioniero,3,stt_transcription,0.4323
P23,2026-08-28T11:03:41.796689,Prigioniero,4,mm_llm_parse,0.0766
P23,2026-08-28T11:03:41.959433,Prigioniero,4,mm_llm_parse,0.1627
P23,2026-08-28T11:03:42.260171,Prigioniero,4,mm_llm_counter,0.2996
P23,2026-08-28T11:03:44.388314,Prigioniero,4,tts_http_request,2.1271
P23,2026-08-28T11:03:57.945457,Prigioniero,4,stt_transcription,0.4959
P23,2026-08-28T11:03:58.930093,Prigioniero,5,mm_llm_parse,0.0606
P23,2026-08-28T11:03:59.091588,Prigioniero,5,mm_llm_parse,0.1614
P23,2026-08-28T11:03:59.291787,Prigioniero,5,mm_llm_counter,0.1987
P23,2026-08-28T11:04:00.554531,Prigioniero,5,tts_http_request,1.2613
P23,2026-08-28T11:04:11.102672,Prigioniero,5,stt_transcription,0.4333
P23,2026-08-28T11:04:11.280995,Prigioniero,6,mm_llm_parse,0.0728
P23,2026-08-28T11:04:11.450116,Prigioniero,6,mm_llm_parse,0.1689
P23,2026-08-28T11:04:11.651195,Prigioniero,6,mm_llm_counter,0.1994
P23,2026-08-28T11:04:13.023097,Prigioniero,6,tts_http_request,1.3707
P23,2026-08-28T11:04:25.771113,Prigioniero,6,stt_transcription,0.3718
P23,2026-08-28T11:04:26.856481,Prigioniero,7,mm_llm_parse,0.1486
P23,2026-08-28T11:04:27.038231,Prigioniero,7,mm_llm_parse,0.1808
P23,2026-08-28T11:04:27.238040,Prigioniero,7,mm_llm_counter,0.1991
P23,2026-08-28T11:04:28.379127,Prigioniero,7,tts_http_request,1.1389
P23,2026-08-28T11:04:38.901713,Prigioniero,7,stt_transcription,0.4521
P23,2026-08-28T11:04:39.107231,Prigioniero,8,mm_llm_parse,0.0848
P23,2026-08-28T11:04:39.273965,Prigioniero,8,mm_llm_parse,0.1667
P23,2026-08-28T11:04:39.479533,Prigioniero,8,mm_llm_close,0.2045
P23,2026-08-28T11:04:42.161120,Prigioniero,8,tts_http_request,2.6751
P23,2026-08-28T11:04:51.677716,Prigioniero,8,stt_transcription,0.4286
P23,2026-08-28T11:04:52.195719,Prigioniero,9,tts_http_request,0.404
P23,2026-08-28T11:05:06.395482,Prigioniero,0,llm_ttft,0.3871
P23,2026-08-28T11:05:06.907415,Prigioniero,0,tts_http_request,0.4999
P23,2026-08-28T11:05:07.154781,Prigioniero,0,llm_full,1.1463
P23,2026-08-28T11:05:08.180153,Prigioniero,0,tts_http_request,1.0246
P23,2026-08-28T11:05:20.513217,Prigioniero,0,stt_transcription,0.4684
P23,2026-08-28T11:05:20.716441,Prigioniero,1,mm_llm_detect,0.0631
P23,2026-08-28T11:05:20.923272,Prigioniero,1,mm_llm_detect,0.2064
P23,2026-08-28T11:05:21.102922,Prigioniero,1,mm_llm_clarify,0.1792
P23,2026-08-28T11:05:21.130440,Prigioniero,1,mm_llm_intent,0.0264
P23,2026-08-28T11:05:21.383363,Prigioniero,1,mm_llm_intent,0.2535
P23,2026-08-28T11:05:22.847344,Prigioniero,1,tts_http_request,1.7424
P23,2026-08-28T11:05:34.915803,Prigioniero,1,stt_transcription,0.369
P23,2026-08-28T11:05:35.901962,Prigioniero,2,mm_llm_detect,0.0664
P23,2026-08-28T11:05:36.079850,Prigioniero,2,mm_llm_detect,0.178
P23,2026-08-28T11:05:36.304747,Prigioniero,2,mm_llm_opening,0.2245
P23,2026-08-28T11:05:36.333799,Prigioniero,2,mm_llm_intent,0.0276
P23,2026-08-28T11:05:36.586255,Prigioniero,2,mm_llm_intent,0.2518
P23,2026-08-28T11:05:37.575886,Prigioniero,2,tts_http_request,1.268
P23,2026-08-28T11:05:49.810211,Prigioniero,2,stt_transcription,0.4428
P23,2026-08-28T11:05:50.806224,Prigioniero,3,mm_llm_parse,0.0746
P23,2026-08-28T11:05:50.976587,Prigioniero,3,mm_llm_parse,0.1695
P23,2026-08-28T11:05:51.145824,Prigioniero,3,mm_llm_counter,0.1679
P23,2026-08-28T11:05:52.446756,Prigioniero,3,tts_http_request,1.3007
P23,2026-08-28T11:06:01.911920,Prigioniero,3,stt_transcription,0.444
P23,2026-08-28T11:06:02.101283,Prigioniero,4,mm_llm_parse,0.0638
P23,2026-08-28T11:06:02.287018,Prigioniero,4,mm_llm_parse,0.1855
P23,2026-08-28T11:06:02.473836,Prigioniero,4,mm_llm_close,0.1858
P23,2026-08-28T11:06:03.611047,Prigioniero,4,tts_http_request,1.1339
P23,2026-08-28T11:06:11.682680,Prigioniero,4,stt_transcription,0.3627
P23,2026-08-28T11:06:12.623216,Prigioniero,5,tts_http_request,0.8222
P24,2026-08-28T11:16:21.430842,Prigioniero,0,llm_ttft,0.257
P24,2026-08-28T11:16:23.202566,Prigioniero,0,tts_http_request,1.7532
P24,2026-08-28T11:16:23.451492,Prigioniero,0,llm_full,2.2772
P24,2026-08-28T11:16:24.824557,Prigioniero,0,tts_http_request,1.3718
P24,2026-08-28T11:16:40.345883,Prigioniero,0,stt_transcription,0.2995
P24,2026-08-28T11:16:41.346130,Prigioniero,1,mm_llm_detect,0.0699
P24,2026-08-28T11:16:41.543972,Prigioniero,1,mm_llm_detect,0.1968
P24,2026-08-28T11:16:41.778384,Prigioniero,1,mm_llm_opening,0.2336
P24,2026-08-28T11:16:41.806514,Prigioniero,1,mm_llm_intent,0.0272
P24,2026-08-28T11:16:42.057166,Prigioniero,1,mm_llm_intent,0.2499
P24,2026-08-28T11:16:44.358253,Prigioniero,1,tts_http_request,2.5772
P24,2026-08-28T11:17:00.346376,Prigioniero,1,stt_transcription,0.4596
P24,2026-08-28T11:17:01.334280,Prigioniero,2,mm_llm_parse,0.0648
P24,2026-08-28T11:17:01.498590,Prigioniero,2,mm_llm_parse,0.1635
P24,2026-08-28T11:17:01.699825,Prigioniero,2,mm_llm_counter,0.2009
P24,2026-08-28T11:17:03.623883,Prigioniero,2,tts_http_request,1.9187
P24,2026-08-28T11:17:19.121564,Prigioniero,2,stt_transcription,0.394
P24,2026-08-28T11:17:20.105562,Prigioniero,3,mm_llm_parse,0.0703
P24,2026-08-28T11:17:20.469307,Prigioniero,3,mm_llm_parse,0.3637
P24,2026-08-28T11:17:20.657265,Prigioniero,3,mm_llm_counter,0.1873
P24,2026-08-28T11:17:21.721941,Prigioniero,3,tts_http_request,1.0628
P24,2026-08-28T11:17:31.208745,Prigioniero,3,stt_transcription,0.4414
P24,2026-08-28T11:17:31.410581,Prigioniero,4,mm_llm_parse,0.0732
P24,2026-08-28T11:17:31.582017,Prigioniero,4,mm_llm_parse,0.1703
P24,2026-08-28T11:17:31.763598,Prigioniero,4,mm_llm_close,0.1807
P24,2026-08-28T11:17:33.237186,Prigioniero,4,tts_http_request,1.4664
P24,2026-08-28T11:17:41.005408,Prigioniero,4,stt_transcription,0.4449
P24,2026-08-28T11:17:41.540828,Prigioniero,5,tts_http_request,0.407
P24,2026-08-28T11:17:51.289530,Prigioniero,0,llm_ttft,0.3831
P24,2026-08-28T11:17:52.156696,Prigioniero,0,tts_http_request,0.8388
P24,2026-08-28T11:17:52.406151,Prigioniero,0,llm_full,1.5001
P24,2026-08-28T11:17:52.879742,Prigioniero,0,tts_http_request,0.4715
P24,2026-08-28T11:18:01.358594,Prigioniero,0,stt_transcription,0.3797
P24,2026-08-28T11:18:01.560497,Prigioniero,1,mm_llm_detect,0.0661
P24,2026-08-28T11:18:01.720574,Prigioniero,1,mm_llm_detect,0.1597
P24,2026-08-28T11:18:01.922663,Prigioniero,1,mm_llm_clarify,0.2012
P24,2026-08-28T11:18:01.949831,Prigioniero,1,mm_llm_intent,0.0269
P24,2026-08-28T11:18:02.209020,Prigioniero,1,mm_llm_intent,0.2582
P24,2026-08-28T11:18:03.923577,Prigioniero,1,tts_http_request,1.999
P24,2026-08-28T11:18:17.471914,Prigioniero,1,stt_transcription,0.425
P24,2026-08-28T11:18:18.479894,Prigioniero,2,mm_llm_detect,0.0777
P24,2026-08-28T11:18:18.665819,Prigioniero,2,mm_llm_detect,0.1857
P24,2026-08-28T11:18:18.857968,Prigioniero,2,mm_llm_opening,0.1912
P24,2026-08-28T11:18:18.886505,Prigioniero,2,mm_llm_intent,0.0275
P24,2026-08-28T11:18:19.147749,Prigioniero,2,mm_llm_intent,0.2607
P24,2026-08-28T11:18:20.495995,Prigioniero,2,tts_http_request,1.636
P24,2026-08-28T11:18:36.256760,Prigioniero,2,stt_transcription,0.4596
P24,2026-08-28T11:18:37.255106,Prigioniero,3,mm_llm_parse,0.0696
P24,2026-08-28T11:18:37.419573,Prigioniero,3,mm_llm_parse,0.1649
P24,2026-08-28T11:18:37.613521,Prigioniero,3,mm_llm_close,0.1922
P24,2026-08-28T11:18:39.392183,Prigioniero,3,tts_http_request,1.7717
P24,2026-08-28T11:18:53.780665,Prigioniero,3,stt_transcription,0.3832
P24,2026-08-28T11:18:55.206072,Prigioniero,4,tts_http_request,0.379
P24,2026-08-28T11:19:01.519091,Prigioniero,0,llm_ttft,0.4511
P24,2026-08-28T11:19:02.601384,Prigioniero,0,tts_http_request,1.0517
P24,2026-08-28T11:19:02.856632,Prigioniero,0,llm_full,1.7891
P24,2026-08-28T11:19:03.276617,Prigioniero,0,tts_http_request,0.4186
P24,2026-08-28T11:19:18.033044,Prigioniero,0,stt_transcription,0.467
P24,2026-08-28T11:19:18.244695,Prigioniero,1,mm_llm_detect,0.068
P24,2026-08-28T11:19:18.413609,Prigioniero,1,mm_llm_detect,0.1694
P24,2026-08-28T11:19:18.736266,Prigioniero,1,mm_llm_opening,0.2001
P24,2026-08-28T11:19:18.766797,Prigioniero,1,mm_llm_intent,0.0293
P24,2026-08-28T11:19:19.017057,Prigioniero,1,mm_llm_intent,0.2504
P24,2026-08-28T11:19:21.221109,Prigioniero,1,tts_http_request,2.4829
P24,2026-08-28T11:19:37.383743,Prigioniero,1,stt_transcription,0.4011
P24,2026-08-28T11:19:38.384058,Prigioniero,2,mm_llm_parse,0.0803
P24,2026-08-28T11:19:38.554800,Prigioniero,2,mm_llm_parse,0.1705
P24,2026-08-28T11:19:38.746705,Prigioniero,2,mm_llm_counter,0.1906
P24,2026-08-28T11:19:40.246849,Prigioniero,2,tts_http_request,1.4994
P24,2026-08-28T11:19:50.323371,Prigioniero,2,stt_transcription,0.4206
P24,2026-08-28T11:19:50.510850,Prigioniero,3,mm_llm_parse,0.0711
P24,2026-08-28T11:19:50.679582,Prigioniero,3,mm_llm_parse,0.1684
P24,2026-08-28T11:19:50.888738,Prigioniero,3,mm_llm_counter,0.2084
P24,2026-08-28T11:19:52.770490,Prigioniero,3,tts_http_request,1.8805
P24,2026-08-28T11:20:03.191759,Prigioniero,3,stt_transcription,0.4434
P24,2026-08-28T11:20:03.381887,Prigioniero,4,mm_llm_parse,0.0655
P24,2026-08-28T11:20:03.548580,Prigioniero,4,mm_llm_parse,0.1668
P24,2026-08-28T11:20:03.931554,Prigioniero,4,mm_llm_close,0.3813
P24,2026-08-28T11:20:05.036349,Prigioniero,4,tts_http_request,1.101
P24,2026-08-28T11:20:13.505964,Prigioniero,4,stt_transcription,0.3635
P24,2026-08-28T11:20:14.088126,Prigioniero,5,tts_http_request,0.4777
P25,2026-08-28T11:22:51.818381,Prigioniero,0,llm_ttft,0.2421
P25,2026-08-28T11:22:54.413091,Prigioniero,0,tts_http_request,2.569
P25,2026-08-28T11:22:54.683668,Prigioniero,0,llm_full,3.1079
P25,2026-08-28T11:22:55.685198,Prigioniero,0,tts_http_request,1.0003
P25,2026-08-28T11:23:08.367949,Prigioniero,0,stt_transcription,0.297
P25,2026-08-28T11:23:08.575651,Prigioniero,1,mm_llm_detect,0.0752
P25,2026-08-28T11:23:08.741597,Prigioniero,1,mm_llm_detect,0.1658
P25,2026-08-28T11:23:08.939431,Prigioniero,1,mm_llm_clarify,0.1972
P25,2026-08-28T11:23:08.968067,Prigioniero,1,mm_llm_intent,0.0279
P25,2026-08-28T11:23:09.224745,Prigioniero,1,mm_llm_intent,0.2564
P25,2026-08-28T11:23:10.797726,Prigioniero,1,tts_http_request,1.8563
P25,2026-08-28T11:23:23.211983,Prigioniero,1,stt_transcription,0.4405
P25,2026-08-28T11:23:24.208914,Prigioniero,2,mm_llm_detect,0.0769
P25,2026-08-28T11:23:24.373071,Prigioniero,2,mm_llm_detect,0.164
P25,2026-08-28T11:23:24.546016,Prigioniero,2,mm_llm_clarify,0.1723
P25,2026-08-28T11:23:24.574039,Prigioniero,2,mm_llm_intent,0.0265
P25,2026-08-28T11:23:24.896406,Prigioniero,2,mm_llm_intent,0.3223
P25,2026-08-28T11:23:26.210032,Prigioniero,2,tts_http_request,1.6615
P25,2026-08-28T11:23:36.969128,Prigioniero,2,stt_transcription,0.4366
P25,2026-08-28T11:23:37.165750,Prigioniero,3,mm_llm_detect,0.0598
P25,2026-08-28T11:23:37.341668,Prigioniero,3,mm_llm_detect,0.175
P25,2026-08-28T11:23:37.746163,Prigioniero,3,mm_llm_opening,0.4039
P25,2026-08-28T11:23:37.778847,Prigioniero,3,mm_llm_intent,0.0314
P25,2026-08-28T11:23:38.036591,Prigioniero,3,mm_llm_intent,0.257
P25,2026-08-28T11:23:39.541462,Prigioniero,3,tts_http_request,1.7928
P25,2026-08-28T11:23:52.798203,Prigioniero,3,stt_transcription,0.4511
P25,2026-08-28T11:23:53.791135,Prigioniero,4,mm_llm_parse,0.0676
P25,2026-08-28T11:23:53.961152,Prigioniero,4,mm_llm_parse,0.1693
P25,2026-08-28T11:23:54.127801,Prigioniero,4,mm_llm_counter,0.1664
P25,2026-08-28T11:23:55.134166,Prigioniero,4,tts_http_request,1.0045
P25,2026-08-28T11:24:05.092219,Prigioniero,4,stt_transcription,0.4248
P25,2026-08-28T11:24:05.271241,Prigioniero,5,mm_llm_parse,0.0659
P25,2026-08-28T11:24:05.440003,Prigioniero,5,mm_llm_parse,0.1676
P25,2026-08-28T11:24:05.626965,Prigioniero,5,mm_llm_close,0.1859
P25,2026-08-28T11:24:07.394126,Prigioniero,5,tts_http_request,1.762
P25,2026-08-28T11:24:18.709467,Prigioniero,5,stt_transcription,0.3818
P25,2026-08-28T11:24:19.214589,Prigioniero,6,tts_http_request,0.3769
P25,2026-08-28T11:24:27.560293,Prigioniero,0,llm_ttft,0.3775
P25,2026-08-28T11:24:29.112600,Prigioniero,0,tts_http_request,1.5101
P25,2026-08-28T11:24:29.366582,Prigioniero,0,llm_full,2.1835
P25,2026-08-28T11:24:41.436106,Prigioniero,0,stt_transcription,0.3819
P25,2026-08-28T11:24:42.428158,Prigioniero,1,mm_llm_detect,0.0571
P25,2026-08-28T11:24:42.589806,Prigioniero,1,mm_llm_detect,0.161
P25,2026-08-28T11:24:42.812015,Prigioniero,1,mm_llm_clarify,0.2216
P25,2026-08-28T11:24:42.839547,Prigioniero,1,mm_llm_intent,0.0261
P25,2026-08-28T11:24:43.095348,Prigioniero,1,mm_llm_intent,0.2554
P25,2026-08-28T11:24:45.792244,Prigioniero,1,tts_http_request,2.9775
P25,2026-08-28T11:25:05.804192,Prigioniero,1,stt_transcription,0.47
P25,2026-08-28T11:25:06.805822,Prigioniero,2,mm_llm_detect,0.0701
P25,2026-08-28T11:25:06.979528,Prigioniero,2,mm_llm_detect,0.1738
P25,2026-08-28T11:25:07.200241,Prigioniero,2,mm_llm_opening,0.2204
P25,2026-08-28T11:25:07.232808,Prigioniero,2,mm_llm_intent,0.0312
P25,2026-08-28T11:25:07.499506,Prigioniero,2,mm_llm_intent,0.2666
P25,2026-08-28T11:25:09.986023,Prigioniero,2,tts_http_request,2.7834
P25,2026-08-28T11:25:25.387070,Prigioniero,2,stt_transcription,0.4013
P25,2026-08-28T11:25:26.382453,Prigioniero,3,mm_llm_parse,0.0813
P25,2026-08-28T11:25:26.562058,Prigioniero,3,mm_llm_parse,0.1785
P25,2026-08-28T11:25:26.762999,Prigioniero,3,mm_llm_close,0.2008
P25,2026-08-28T11:25:28.354931,Prigioniero,3,tts_http_request,1.5869
P25,2026-08-28T11:25:38.442080,Prigioniero,3,stt_transcription,0.4266
P25,2026-08-28T11:25:38.872179,Prigioniero,4,tts_http_request,0.3179
P25,2026-08-28T11:25:45.250432,Prigioniero,0,llm_ttft,0.4123
P25,2026-08-28T11:25:46.382119,Prigioniero,0,tts_http_request,1.1001
P25,2026-08-28T11:25:46.635231,Prigioniero,0,llm_full,1.7964
P25,2026-08-28T11:25:47.864206,Prigioniero,0,tts_http_request,1.2282
P25,2026-08-28T11:26:03.968151,Prigioniero,0,stt_transcription,0.4588
P25,2026-08-28T11:26:04.975939,Prigioniero,1,mm_llm_detect,0.0828
P25,2026-08-28T11:26:05.145749,Prigioniero,1,mm_llm_detect,0.1699
P25,2026-08-28T11:26:05.343403,Prigioniero,1,mm_llm_clarify,0.1966
P25,2026-08-28T11:26:05.369952,Prigioniero,1,mm_llm_intent,0.0254
P25,2026-08-28T11:26:05.626693,Prigioniero,1,mm_llm_intent,0.2567
P25,2026-08-28T11:26:08.218182,Prigioniero,1,tts_http_request,2.8724
P25,2026-08-28T11:26:24.157823,Prigioniero,1,stt_transcription,0.4275
P25,2026-08-28T11:26:25.156641,Prigioniero,2,mm_llm_detect,0.0714
P25,2026-08-28T11:26:25.326409,Prigioniero,2,mm_llm_detect,0.1695
P25,2026-08-28T11:26:25.523966,Prigioniero,2,mm_llm_opening,0.1967
P25,2026-08-28T11:26:25.552048,Prigioniero,2,mm_llm_intent,0.0267
P25,2026-08-28T11:26:25.834956,Prigioniero,2,mm_llm_intent,0.2826
P25,2026-08-28T11:26:27.226162,Prigioniero,2,tts_http_request,1.6998
P25,2026-08-28T11:26:38.299039,Prigioniero,2,stt_transcription,0.648
P25,2026-08-28T11:26:38.487560,Prigioniero,3,mm_llm_parse,0.0774
P25,2026-08-28T11:26:38.650149,Prigioniero,3,mm_llm_parse,0.1619
P25,2026-08-28T11:26:38.833693,Prigioniero,3,mm_llm_counter,0.1832
P25,2026-08-28T11:26:40.034236,Prigioniero,3,tts_http_request,1.1989
P25,2026-08-28T11:26:48.180871,Prigioniero,3,stt_transcription,0.437
P25,2026-08-28T11:26:48.383135,Prigioniero,4,mm_llm_parse,0.0699
P25,2026-08-28T11:26:48.547433,Prigioniero,4,mm_llm_parse,0.1633
P25,2026-08-28T11:26:48.760769,Prigioniero,4,mm_llm_counter,0.2125
P25,2026-08-28T11:26:50.743515,Prigioniero,4,tts_http_request,1.9814
P25,2026-08-28T11:27:02.891311,Prigioniero,4,stt_transcription,0.3745
P25,2026-08-28T11:27:03.937488,Prigioniero,5,mm_llm_parse,0.0705
P25,2026-08-28T11:27:04.104717,Prigioniero,5,mm_llm_parse,0.1671
P25,2026-08-28T11:27:04.297364,Prigioniero,5,mm_llm_counter,0.1915
P25,2026-08-28T11:27:05.819114,Prigioniero,5,tts_http_request,1.5201
P25,2026-08-28T11:27:17.398584,Prigioniero,5,stt_transcription,0.4519
P25,2026-08-28T11:27:17.585227,Prigioniero,6,mm_llm_parse,0.0687
P25,2026-08-28T11:27:17.748938,Prigioniero,6,mm_llm_parse,0.1635
P25,2026-08-28T11:27:17.962867,Prigioniero,6,mm_llm_counter,0.2129
P25,2026-08-28T11:27:19.370859,Prigioniero,6,tts_http_request,1.4064
P25,2026-08-28T11:27:29.677013,Prigioniero,6,stt_transcription,0.44
P25,2026-08-28T11:27:29.869705,Prigioniero,7,mm_llm_parse,0.0647
P25,2026-08-28T11:27:30.034524,Prigioniero,7,mm_llm_parse,0.164
P25,2026-08-28T11:27:30.286500,Prigioniero,7,mm_llm_counter,0.2507
P25,2026-08-28T11:27:33.584001,Prigioniero,7,tts_http_request,3.2963
P25,2026-08-28T11:27:51.418217,Prigioniero,7,stt_transcription,0.3759
P25,2026-08-28T11:27:52.409405,Prigioniero,8,mm_llm_parse,0.068
P25,2026-08-28T11:27:52.576330,Prigioniero,8,mm_llm_parse,0.1669
P25,2026-08-28T11:27:52.801897,Prigioniero,8,mm_llm_counter,0.224
P25,2026-08-28T11:27:54.308215,Prigioniero,8,tts_http_request,1.5053
P25,2026-08-28T11:28:04.854880,Prigioniero,8,stt_transcription,0.3725
P25,2026-08-28T11:28:05.026465,Prigioniero,9,mm_llm_parse,0.0651
P25,2026-08-28T11:28:05.212823,Prigioniero,9,mm_llm_parse,0.1852
P25,2026-08-28T11:28:05.473062,Prigioniero,9,mm_llm_counter,0.2596
P25,2026-08-28T11:28:08.574419,Prigioniero,9,tts_http_request,3.0999
P25,2026-08-28T11:28:22.359007,Prigioniero,9,stt_transcription,0.4484
P25,2026-08-28T11:28:23.350433,Prigioniero,10,mm_llm_parse,0.0676
P25,2026-08-28T11:28:23.516481,Prigioniero,10,mm_llm_parse,0.1649
P25,2026-08-28T11:28:23.735459,Prigioniero,10,mm_llm_close,0.2182
P25,2026-08-28T11:28:25.203289,Prigioniero,10,tts_http_request,1.4606
P25,2026-08-28T11:28:34.644098,Prigioniero,10,stt_transcription,0.4426
P25,2026-08-28T11:28:35.252842,Prigioniero,11,tts_http_request,0.4838
P26,2026-08-28T11:31:51.941492,Prigioniero,0,llm_ttft,0.2339
P26,2026-08-28T11:31:53.749314,Prigioniero,0,tts_http_request,1.7909
P26,2026-08-28T11:31:53.993482,Prigioniero,0,llm_full,2.2867
P26,2026-08-28T11:31:54.844677,Prigioniero,0,tts_http_request,0.8494
P26,2026-08-28T11:32:06.152829,Prigioniero,0,stt_transcription,0.2807
P26,2026-08-28T11:32:06.365882,Prigioniero,1,mm_llm_detect,0.0665
P26,2026-08-28T11:32:06.528951,Prigioniero,1,mm_llm_detect,0.1628
P26,2026-08-28T11:32:06.696533,Prigioniero,1,mm_llm_clarify,0.1676
P26,2026-08-28T11:32:06.724152,Prigioniero,1,mm_llm_intent,0.0267
P26,2026-08-28T11:32:06.983486,Prigioniero,1,mm_llm_intent,0.2585
P26,2026-08-28T11:32:08.026123,Prigioniero,1,tts_http_request,1.327
P26,2026-08-28T11:32:17.044997,Prigioniero,1,stt_transcription,0.3785
P26,2026-08-28T11:32:17.258680,Prigioniero,2,mm_llm_detect,0.0808
P26,2026-08-28T11:32:17.445313,Prigioniero,2,mm_llm_detect,0.1857
P26,2026-08-28T11:32:17.660148,Prigioniero,2,mm_llm_opening,0.2144
P26,2026-08-28T11:32:17.693158,Prigioniero,2,mm_llm_intent,0.0319
P26,2026-08-28T11:32:17.950204,Prigioniero,2,mm_llm_intent,0.2562
P26,2026-08-28T11:32:20.317630,Prigioniero,2,tts_http_request,2.655
P26,2026-08-28T11:32:35.227641,Prigioniero,2,stt_transcription,0.4383
P26,2026-08-28T11:32:36.224883,Prigioniero,3,mm_llm_parse,0.0653
P26,2026-08-28T11:32:36.388607,Prigioniero,3,mm_llm_parse,0.1636
P26,2026-08-28T11:32:36.613543,Prigioniero,3,mm_llm_counter,0.2233
P26,2026-08-28T11:32:39.115048,Prigioniero,3,tts_http_request,2.4975
P26,2026-08-28T11:32:51.408569,Prigioniero,3,stt_transcription,0.4289
P26,2026-08-28T11:32:52.400801,Prigioniero,4,mm_llm_parse,0.0629
P26,2026-08-28T11:32:52.562750,Prigioniero,4,mm_llm_parse,0.1608
P26,2026-08-28T11:32:52.751495,Prigioniero,4,mm_llm_counter,0.188
P26,2026-08-28T11:32:54.179685,Prigioniero,4,tts_http_request,1.4269
P26,2026-08-28T11:33:03.268693,Prigioniero,4,stt_transcription,0.3589
P26,2026-08-28T11:33:03.454149,Prigioniero,5,mm_llm_parse,0.0649
P26,2026-08-28T11:33:03.619871,Prigioniero,5,mm_llm_parse,0.1652
P26,2026-08-28T11:33:03.809322,Prigioniero,5,mm_llm_close,0.1887
P26,2026-08-28T11:33:04.960750,Prigioniero,5,tts_http_request,1.1442
P26,2026-08-28T11:33:13.404275,Prigioniero,5,stt_transcription,0.3763
P26,2026-08-28T11:33:13.880517,Prigioniero,6,tts_http_request,0.3429
P26,2026-08-28T11:33:21.283927,Prigioniero,0,llm_ttft,0.4357
P26,2026-08-28T11:33:23.739147,Prigioniero,0,tts_http_request,2.3893
P26,2026-08-28T11:33:24.025707,Prigioniero,0,llm_full,3.1768
P26,2026-08-28T11:33:24.671600,Prigioniero,0,tts_http_request,0.6455
P26,2026-08-28T11:33:40.399253,Prigioniero,0,stt_transcription,0.4457
P26,2026-08-28T11:33:40.610579,Prigioniero,1,mm_llm_detect,0.0718
P26,2026-08-28T11:33:40.770321,Prigioniero,1,mm_llm_detect,0.1595
P26,2026-08-28T11:33:41.014137,Prigioniero,1,mm_llm_clarify,0.2422
P26,2026-08-28T11:33:41.041156,Prigioniero,1,mm_llm_intent,0.0269
P26,2026-08-28T11:33:41.332427,Prigioniero,1,mm_llm_intent,0.2909
P26,2026-08-28T11:33:44.226310,Prigioniero,1,tts_http_request,3.2107
P26,2026-08-28T11:34:01.392469,Prigioniero,1,stt_transcription,0.3739
P26,2026-08-28T11:34:02.385982,Prigioniero,2,mm_llm_detect,0.0711
P26,2026-08-28T11:34:02.554381,Prigioniero,2,mm_llm_detect,0.1679
P26,2026-08-28T11:34:02.779190,Prigioniero,2,mm_llm_clarify,0.2238
P26,2026-08-28T11:34:02.812488,Prigioniero,2,mm_llm_intent,0.0329
P26,2026-08-28T11:34:03.079138,Prigioniero,2,mm_llm_intent,0.2665
P26,2026-08-28T11:34:05.637007,Prigioniero,2,tts_http_request,2.8559
P26,2026-08-28T11:34:21.155699,Prigioniero,2,stt_transcription,0.4564
P26,2026-08-28T11:34:22.144133,Prigioniero,3,mm_llm_detect,0.0605
P26,2026-08-28T11:34:22.318076,Prigioniero,3,mm_llm_detect,0.1742
P26,2026-08-28T11:34:22.522781,Prigioniero,3,mm_llm_opening,0.204
P26,2026-08-28T11:34:22.551864,Prigioniero,3,mm_llm_intent,0.027
P26,2026-08-28T11:34:22.853370,Prigioniero,3,mm_llm_intent,0.3026
P26,2026-08-28T11:34:24.644121,Prigioniero,3,tts_http_request,2.119
P26,2026-08-28T11:34:39.859923,Prigioniero,3,stt_transcription,0.4704
P26,2026-08-28T11:34:40.852284,Prigioniero,4,mm_llm_parse,0.072
P26,2026-08-28T11:34:41.018909,Prigioniero,4,mm_llm_parse,0.1654
P26,2026-08-28T11:34:41.235242,Prigioniero,4,mm_llm_counter,0.2157
P26,2026-08-28T11:34:42.830191,Prigioniero,4,tts_http_request,1.5931
P26,2026-08-28T11:34:55.900445,Prigioniero,4,stt_transcription,0.5109
P26,2026-08-28T11:34:56.874363,Prigioniero,5,mm_llm_parse,0.0487
P26,2026-08-28T11:34:57.041530,Prigioniero,5,mm_llm_parse,0.1659
P26,2026-08-28T11:34:57.228982,Prigioniero,5,mm_llm_counter,0.187
P26,2026-08-28T11:34:58.745739,Prigioniero,5,tts_http_request,1.515
P26,2026-08-28T11:35:13.123734,Prigioniero,5,stt_transcription,0.394
P26,2026-08-28T11:35:14.114900,Prigioniero,6,mm_llm_parse,0.0733
P26,2026-08-28T11:35:14.289311,Prigioniero,6,mm_llm_parse,0.1739
P26,2026-08-28T11:35:14.476260,Prigioniero,6,mm_llm_counter,0.1856
P26,2026-08-28T11:35:15.398761,Prigioniero,6,tts_http_request,0.9218
P26,2026-08-28T11:35:23.632440,Prigioniero,6,stt_transcription,0.3722
P26,2026-08-28T11:35:23.829799,Prigioniero,7,mm_llm_parse,0.0609
P26,2026-08-28T11:35:23.993209,Prigioniero,7,mm_llm_parse,0.1632
P26,2026-08-28T11:35:24.958904,Prigioniero,7,mm_llm_counter,0.9644
P26,2026-08-28T11:35:26.808476,Prigioniero,7,tts_http_request,1.8488
P26,2026-08-28T11:35:36.908223,Prigioniero,7,stt_transcription,0.4411
P26,2026-08-28T11:35:37.124721,Prigioniero,8,mm_llm_parse,0.0862
P26,2026-08-28T11:35:37.293866,Prigioniero,8,mm_llm_parse,0.1685
P26,2026-08-28T11:35:37.485708,Prigioniero,8,mm_llm_close,0.1907
P26,2026-08-28T11:35:38.725266,Prigioniero,8,tts_http_request,1.2363
P26,2026-08-28T11:35:46.285220,Prigioniero,8,stt_transcription,0.3603
P26,2026-08-28T11:35:46.714711,Prigioniero,9,tts_http_request,0.3059
P26,2026-08-28T11:36:02.745963,Prigioniero,0,llm_ttft,0.3812
P26,2026-08-28T11:36:03.427334,Prigioniero,0,tts_http_request,0.6596
P26,2026-08-28T11:36:03.676299,Prigioniero,0,llm_full,1.3113
P26,2026-08-28T11:36:04.355388,Prigioniero,0,tts_http_request,0.6781
P26,2026-08-28T11:36:20.198273,Prigioniero,0,stt_transcription,0.4448
P26,2026-08-28T11:36:21.184790,Prigioniero,1,mm_llm_detect,0.0612
P26,2026-08-28T11:36:21.745569,Prigioniero,1,mm_llm_detect,0.5599
P26,2026-08-28T11:36:21.957335,Prigioniero,1,mm_llm_clarify,0.2104
P26,2026-08-28T11:36:21.984427,Prigioniero,1,mm_llm_intent,0.027
P26,2026-08-28T11:36:22.243254,Prigioniero,1,mm_llm_intent,0.2581
P26,2026-08-28T11:36:25.128615,Prigioniero,1,tts_http_request,3.1694
P26,2026-08-28T11:36:43.170900,Prigioniero,1,stt_transcription,0.4369
P26,2026-08-28T11:36:44.184306,Prigioniero,2,mm_llm_detect,0.0811
P26,2026-08-28T11:36:44.359588,Prigioniero,2,mm_llm_detect,0.1756
P26,2026-08-28T11:36:44.591895,Prigioniero,2,mm_llm_opening,0.2314
P26,2026-08-28T11:36:44.623598,Prigioniero,2,mm_llm_intent,0.031
P26,2026-08-28T11:36:44.876320,Prigioniero,2,mm_llm_intent,0.252
P26,2026-08-28T11:36:47.376394,Prigioniero,2,tts_http_request,2.7824
P26,2026-08-28T11:37:06.458666,Prigioniero,2,stt_transcription,0.404
P26,2026-08-28T11:37:07.503117,Prigioniero,3,mm_llm_parse,0.0661
P26,2026-08-28T11:37:07.676529,Prigioniero,3,mm_llm_parse,0.1725
P26,2026-08-28T11:37:07.871105,Prigioniero,3,mm_llm_close,0.1936
P26,2026-08-28T11:37:09.631188,Prigioniero,3,tts_http_request,1.753
P26,2026-08-28T11:37:18.272562,Prigioniero,3,stt_transcription,0.4377
P26,2026-08-28T11:37:18.741905,Prigioniero,4,tts_http_request,0.337
P26,2026-08-28T11:40:02.422256,Prigioniero,0,llm_ttft,0.2171
P26,2026-08-28T11:40:04.386410,Prigioniero,0,tts_http_request,1.9524
P26,2026-08-28T11:40:04.641350,Prigioniero,0,llm_full,2.4357
P26,2026-08-28T11:40:06.122707,Prigioniero,0,tts_http_request,1.4812
P26,2026-08-28T11:40:20.398023,Prigioniero,0,stt_transcription,0.2971
P26,2026-08-28T11:40:21.402421,Prigioniero,1,mm_llm_detect,0.0728
P26,2026-08-28T11:40:21.571334,Prigioniero,1,mm_llm_detect,0.1684
P26,2026-08-28T11:40:21.792914,Prigioniero,1,mm_llm_clarify,0.2203
P26,2026-08-28T11:40:21.822453,Prigioniero,1,mm_llm_intent,0.0286
P26,2026-08-28T11:40:22.289120,Prigioniero,1,mm_llm_intent,0.4666
P26,2026-08-28T11:40:24.909065,Prigioniero,1,tts_http_request,3.114
P26,2026-08-28T11:40:42.775420,Prigioniero,1,stt_transcription,0.3751
P26,2026-08-28T11:40:43.771960,Prigioniero,2,mm_llm_detect,0.0783
P26,2026-08-28T11:40:43.963242,Prigioniero,2,mm_llm_detect,0.1913
P26,2026-08-28T11:40:44.164624,Prigioniero,2,mm_llm_opening,0.2004
P26,2026-08-28T11:40:44.197344,Prigioniero,2,mm_llm_intent,0.0316
P26,2026-08-28T11:40:44.463272,Prigioniero,2,mm_llm_intent,0.2654
P26,2026-08-28T11:40:46.404091,Prigioniero,2,tts_http_request,2.237
P26,2026-08-28T11:40:58.458689,Prigioniero,2,stt_transcription,0.437
P26,2026-08-28T11:40:59.471068,Prigioniero,3,mm_llm_parse,0.0807
P26,2026-08-28T11:40:59.636195,Prigioniero,3,mm_llm_parse,0.1647
P26,2026-08-28T11:40:59.809144,Prigioniero,3,mm_llm_counter,0.1716
P26,2026-08-28T11:41:01.050825,Prigioniero,3,tts_http_request,1.2373
P26,2026-08-28T11:41:15.581399,Prigioniero,3,stt_transcription,0.4691
P26,2026-08-28T11:41:16.567445,Prigioniero,4,mm_llm_parse,0.0641
P26,2026-08-28T11:41:16.735993,Prigioniero,4,mm_llm_parse,0.1677
P26,2026-08-28T11:41:16.912970,Prigioniero,4,mm_llm_close,0.1759
P26,2026-08-28T11:41:17.992966,Prigioniero,4,tts_http_request,1.076
P26,2026-08-28T11:41:28.538760,Prigioniero,4,stt_transcription,0.4368
P26,2026-08-28T11:41:29.036994,Prigioniero,5,tts_http_request,0.3648
P26,2026-08-28T11:41:43.072808,Prigioniero,0,llm_ttft,0.5595
P26,2026-08-28T11:41:43.747031,Prigioniero,0,tts_http_request,0.6582
P26,2026-08-28T11:41:43.991091,Prigioniero,0,llm_full,1.4779
P26,2026-08-28T11:41:44.485776,Prigioniero,0,tts_http_request,0.4938
P26,2026-08-28T11:41:59.390758,Prigioniero,0,stt_transcription,0.3472
P26,2026-08-28T11:42:00.395080,Prigioniero,1,mm_llm_detect,0.0784
P26,2026-08-28T11:42:00.562813,Prigioniero,1,mm_llm_detect,0.1679
P26,2026-08-28T11:42:00.806223,Prigioniero,1,mm_llm_clarify,0.2429
P26,2026-08-28T11:42:00.838863,Prigioniero,1,mm_llm_intent,0.0316
P26,2026-08-28T11:42:01.108659,Prigioniero,1,mm_llm_intent,0.2688
P26,2026-08-28T11:42:03.381685,Prigioniero,1,tts_http_request,2.5726
P26,2026-08-28T11:42:19.926713,Prigioniero,1,stt_transcription,0.4727
P26,2026-08-28T11:42:20.912316,Prigioniero,2,mm_llm_detect,0.0682
P26,2026-08-28T11:42:21.096503,Prigioniero,2,mm_llm_detect,0.1847
P26,2026-08-28T11:42:21.426588,Prigioniero,2,mm_llm_opening,0.3289
P26,2026-08-28T11:42:21.462147,Prigioniero,2,mm_llm_intent,0.0344
P26,2026-08-28T11:42:21.775788,Prigioniero,2,mm_llm_intent,0.313
P26,2026-08-28T11:42:23.273927,Prigioniero,2,tts_http_request,1.8453
P26,2026-08-28T11:42:39.876084,Prigioniero,2,stt_transcription,0.3918
P26,2026-08-28T11:42:40.859508,Prigioniero,3,mm_llm_parse,0.0676
P26,2026-08-28T11:42:41.030813,Prigioniero,3,mm_llm_parse,0.1707
P26,2026-08-28T11:42:42.119772,Prigioniero,3,mm_llm_counter,1.0883
P26,2026-08-28T11:42:43.730056,Prigioniero,3,tts_http_request,1.609
P26,2026-08-28T11:42:55.675606,Prigioniero,3,stt_transcription,0.4406
P26,2026-08-28T11:42:56.668577,Prigioniero,4,mm_llm_parse,0.0642
P26,2026-08-28T11:42:56.836768,Prigioniero,4,mm_llm_parse,0.1669
P26,2026-08-28T11:42:57.021110,Prigioniero,4,mm_llm_counter,0.1836
P26,2026-08-28T11:42:58.415715,Prigioniero,4,tts_http_request,1.3932
P26,2026-08-28T11:43:11.280509,Prigioniero,4,stt_transcription,0.5258
P26,2026-08-28T11:43:12.266992,Prigioniero,5,mm_llm_parse,0.0645
P26,2026-08-28T11:43:12.440631,Prigioniero,5,mm_llm_parse,0.1732
P26,2026-08-28T11:43:12.780691,Prigioniero,5,mm_llm_close,0.3395
P26,2026-08-28T11:43:14.862518,Prigioniero,5,tts_http_request,2.0777
P26,2026-08-28T11:43:26.117256,Prigioniero,5,stt_transcription,0.4519
P26,2026-08-28T11:43:26.619534,Prigioniero,6,tts_http_request,0.3834
P27,2026-08-28T11:45:31.520720,Prigioniero,0,llm_ttft,0.2292
P27,2026-08-28T11:45:33.198476,Prigioniero,0,tts_http_request,1.6589
P27,2026-08-28T11:45:33.458991,Prigioniero,0,llm_full,2.168
P27,2026-08-28T11:45:33.847813,Prigioniero,0,tts_http_request,0.3875
P27,2026-08-28T11:45:41.873113,Prigioniero,0,stt_transcription,0.2733
P27,2026-08-28T11:45:42.055179,Prigioniero,1,mm_llm_detect,0.0714
P27,2026-08-28T11:45:42.250048,Prigioniero,1,mm_llm_detect,0.1944
P27,2026-08-28T11:45:42.458185,Prigioniero,1,mm_llm_opening,0.2077
P27,2026-08-28T11:45:42.488863,Prigioniero,1,mm_llm_intent,0.0293
P27,2026-08-28T11:45:42.894070,Prigioniero,1,mm_llm_intent,0.4047
P27,2026-08-28T11:45:44.907095,Prigioniero,1,tts_http_request,2.4455
P27,2026-08-28T11:45:59.634092,Prigioniero,1,stt_transcription,0.4529
P27,2026-08-28T11:46:00.625406,Prigioniero,2,mm_llm_parse,0.0627
P27,2026-08-28T11:46:00.799129,Prigioniero,2,mm_llm_parse,0.174
P27,2026-08-28T11:46:00.995796,Prigioniero,2,mm_llm_close,0.1948
P27,2026-08-28T11:46:02.503043,Prigioniero,2,tts_http_request,1.5002
P27,2026-08-28T11:46:11.073000,Prigioniero,2,stt_transcription,0.4316
P27,2026-08-28T11:46:11.610200,Prigioniero,3,llm_ttft,0.4295
P27,2026-08-28T11:46:12.183197,Prigioniero,3,tts_http_request,0.5523
P27,2026-08-28T11:46:12.433802,Prigioniero,3,llm_full,1.2526
P27,2026-08-28T11:46:13.074049,Prigioniero,3,tts_http_request,0.6384
P27,2026-08-28T11:46:29.192017,Prigioniero,3,stt_transcription,0.4182
P27,2026-08-28T11:46:29.669244,Prigioniero,4,tts_http_request,0.3571
P27,2026-08-28T11:46:37.383236,Prigioniero,0,llm_ttft,0.4452
P27,2026-08-28T11:46:38.433448,Prigioniero,0,tts_http_request,1.0298
P27,2026-08-28T11:46:38.678983,Prigioniero,0,llm_full,1.7411
P27,2026-08-28T11:46:39.861418,Prigioniero,0,tts_http_request,1.1807
P27,2026-08-28T11:46:51.652779,Prigioniero,0,stt_transcription,0.4619
P27,2026-08-28T11:46:51.836184,Prigioniero,1,mm_llm_detect,0.0698
P27,2026-08-28T11:46:52.011735,Prigioniero,1,mm_llm_detect,0.1748
P27,2026-08-28T11:46:52.342925,Prigioniero,1,mm_llm_opening,0.3305
P27,2026-08-28T11:46:52.370461,Prigioniero,1,mm_llm_intent,0.0263
P27,2026-08-28T11:46:52.620193,Prigioniero,1,mm_llm_intent,0.2492
P27,2026-08-28T11:46:54.964678,Prigioniero,1,tts_http_request,2.619
P27,2026-08-28T11:47:07.825459,Prigioniero,1,stt_transcription,0.4641
P27,2026-08-28T11:47:08.823819,Prigioniero,2,mm_llm_parse,0.0691
P27,2026-08-28T11:47:09.513438,Prigioniero,2,mm_llm_parse,0.6891
P27,2026-08-28T11:47:09.717114,Prigioniero,2,mm_llm_counter,0.2024
P27,2026-08-28T11:47:11.976401,Prigioniero,2,tts_http_request,2.2583
P27,2026-08-28T11:47:24.693734,Prigioniero,2,stt_transcription,0.4427
P27,2026-08-28T11:47:25.678798,Prigioniero,3,mm_llm_parse,0.061
P27,2026-08-28T11:47:25.845475,Prigioniero,3,mm_llm_parse,0.1668
P27,2026-08-28T11:47:26.122329,Prigioniero,3,mm_llm_counter,0.2755
P27,2026-08-28T11:47:27.952796,Prigioniero,3,tts_http_request,1.8291
P27,2026-08-28T11:47:37.958900,Prigioniero,3,stt_transcription,0.4573
P27,2026-08-28T11:47:38.143990,Prigioniero,4,mm_llm_parse,0.0733
P27,2026-08-28T11:47:39.239945,Prigioniero,4,mm_llm_parse,1.095
P27,2026-08-28T11:47:39.715115,Prigioniero,4,mm_llm_close,0.4742
P27,2026-08-28T11:47:41.301082,Prigioniero,4,tts_http_request,1.5795
P27,2026-08-28T11:47:48.212415,Prigioniero,4,stt_transcription,0.4349
P27,2026-08-28T11:47:48.734978,Prigioniero,5,tts_http_request,0.4158
P27,2026-08-28T11:48:12.214820,Prigioniero,0,llm_ttft,0.3916
P27,2026-08-28T11:48:14.418692,Prigioniero,0,tts_http_request,2.1401
P27,2026-08-28T11:48:14.698671,Prigioniero,0,llm_full,2.8754
P27,2026-08-28T11:48:15.724870,Prigioniero,0,tts_http_request,1.025
P27,2026-08-28T11:48:31.815012,Prigioniero,0,stt_transcription,0.4453
P27,2026-08-28T11:48:32.023866,Prigioniero,1,mm_llm_detect,0.0666
P27,2026-08-28T11:48:32.210170,Prigioniero,1,mm_llm_detect,0.1866
P27,2026-08-28T11:48:32.419423,Prigioniero,1,mm_llm_opening,0.2085
P27,2026-08-28T11:48:32.448441,Prigioniero,1,mm_llm_intent,0.027
P27,2026-08-28T11:48:32.871065,Prigioniero,1,mm_llm_intent,0.4222
P27,2026-08-28T11:48:35.250003,Prigioniero,1,tts_http_request,2.8271
P27,2026-08-28T11:49:00.910835,Prigioniero,1,stt_transcription,0.3734
P27,2026-08-28T11:49:01.910081,Prigioniero,2,mm_llm_parse,0.0759
P27,2026-08-28T11:49:02.076136,Prigioniero,2,mm_llm_parse,0.1663
P27,2026-08-28T11:49:02.237813,Prigioniero,2,mm_llm_close,0.1603
P27,2026-08-28T11:49:03.223869,Prigioniero,2,tts_http_request,0.9798
P27,2026-08-28T11:49:14.572170,Prigioniero,2,stt_transcription,0.4348
P27,2026-08-28T11:49:14.999292,Prigioniero,3,tts_http_request,0.3215
